num,length,response,context_length,name
1,16,3.5555549,0,0
2,18,1.079842,0,0
3,16,2.428318,0,0
4,14,1.9460328,0,0
5,20,1.7702676,0,0
6,18,2.826266,0,0
7,13,2.4604044,0,0
8,20,1.7123998,0,0
9,27,1.9679598,0,0
10,23,1.6339417,0,0
11,20,2.3859599,0,0
12,18,2.80803,0,0
13,14,3.2314174,0,0
14,16,2.7611985,0,0
15,23,2.2565296,0,0
16,24,2.8843534,0,0
17,29,2.0497446,0,0
18,26,2.393736,0,0
19,19,2.887174,0,0
20,20,2.97648,0,0
21,28,2.3271852,0,0
22,22,2.742077,0,0
23,4,5.692459,0,0
1,13,2.6841903,0,1
2,22,2.602596,0,1
3,18,2.279016,0,1
4,24,2.5914474,0,1
5,22,2.3472264,0,1
6,26,1.7947668,0,1
7,24,1.7983665,0,1
8,15,2.0382028,0,1
9,19,2.4094703,0,1
10,17,3.295295,0,1
11,14,3.012501,0,1
12,17,3.8510888,0,1
13,28,2.539728,0,1
14,28,2.4854603,0,1
15,22,2.7660089,0,1
16,19,3.0945854,0,1
17,23,3.3844402,0,1
18,14,2.900344,0,1
19,23,3.359043,0,1
20,23,2.0168235,0,1
21,16,2.8232663,0,1
1,25,3.4182763,0,2
2,22,1.7774024,0,2
3,29,3.2550206,0,2
4,15,1.9065279,0,2
5,26,3.4286473,0,2
6,26,2.6469588,0,2
7,27,3.125344,0,2
8,22,3.9116788,0,2
9,33,2.8717186,0,2
10,25,2.943826,0,2
11,24,2.7152102,0,2
12,27,2.5609775,0,2
13,32,2.4485352,0,2
14,30,2.403854,0,2
15,33,3.3356318,0,2
16,33,2.305581,0,2
17,23,2.7891655,0,2
1,52,0.78063595,0,3
2,17,2.090584,0,3
3,29,0.6794514,0,3
4,39,1.0747218,0,3
5,55,0.59117514,0,3
6,42,1.3946713,0,3
7,31,2.161104,0,3
8,50,1.4793559,0,3
9,2,5.9182506,0,3
10,14,2.5482547,0,3
11,6,5.5808935,0,3
1,23,3.0927312,0,4
2,33,2.6728382,0,4
3,42,1.8667294,0,4
4,19,1.622724,0,4
5,26,2.4473724,0,4
6,36,1.8489164,0,4
7,28,2.0746253,0,4
8,31,2.4429634,0,4
9,35,2.1522474,0,4
10,14,2.9455836,0,4
11,22,1.9154764,0,4
12,31,2.2614236,0,4
13,26,2.517227,0,4
14,27,2.7192042,0,4
15,30,2.3473654,0,4
16,29,2.4853451,0,4
17,3,4.7336125,0,4
1,30,2.5013487,0,5
2,27,2.805926,0,5
3,15,4.0523524,0,5
4,35,2.3261797,0,5
5,36,2.0705283,0,5
6,23,2.317869,0,5
7,25,2.17071,0,5
8,18,3.2121356,0,5
9,17,3.0629158,0,5
10,18,2.5779736,0,5
11,22,2.8538055,0,5
12,22,2.6499593,0,5
13,50,1.7689931,0,5
14,15,2.5239305,0,5
15,20,3.1362875,0,5
16,25,2.7323961,0,5
17,19,2.8786054,0,5
18,28,2.252594,0,5
19,10,5.584033,0,5
1,1,7.6062317,0,6
2,17,2.9597397,0,6
3,14,2.4795637,0,6
4,20,1.4113228,0,6
5,16,3.1979117,0,6
6,2,6.9459815,0,6
7,21,2.962979,0,6
8,25,2.4618578,0,6
9,1,6.2728276,0,6
10,14,2.5944943,0,6
11,19,2.8036234,0,6
12,26,2.454822,0,6
13,22,2.616977,0,6
14,2,5.4231873,0,6
15,25,2.5464823,0,6
16,30,2.0752294,0,6
17,28,2.5421252,0,6
18,1,7.475412,0,6
19,16,4.1619816,0,6
20,28,2.4584029,0,6
21,28,2.143067,0,6
22,26,1.9436133,0,6
23,1,6.391704,0,6
24,22,2.0919251,0,6
25,23,2.266009,0,6
1,21,3.272417,0,7
2,19,2.2072601,0,7
3,31,1.6843929,0,7
4,23,2.610309,0,7
5,17,2.0074956,0,7
6,21,2.2230458,0,7
7,43,1.6784159,0,7
8,41,1.2608247,0,7
9,20,1.5378033,0,7
10,28,2.0473926,0,7
11,26,2.4706335,0,7
12,17,2.7692506,0,7
13,18,2.2966502,0,7
14,19,2.551071,0,7
15,19,2.56761,0,7
16,6,3.9203463,0,7
1,27,1.5053992,0,8
2,21,2.1832824,0,8
3,11,3.293523,0,8
4,26,2.3317442,0,8
5,23,3.3863099,0,8
6,23,2.2209768,0,8
7,33,1.5063831,0,8
8,20,2.2465556,0,8
9,18,2.3556051,0,8
10,51,1.9317665,0,8
11,19,3.7133043,0,8
12,28,1.9861716,0,8
13,39,2.984621,0,8
14,16,2.6650536,0,8
15,2,9.009211,0,8
1,16,2.9596405,0,9
2,14,2.817829,0,9
3,25,2.3427434,0,9
4,15,2.5936232,0,9
5,19,2.6680176,0,9
6,17,2.5733256,0,9
7,17,3.1086218,0,9
8,21,2.4932947,0,9
9,35,1.7681997,0,9
10,28,1.718817,0,9
11,18,2.5032964,0,9
12,21,1.9561027,0,9
13,28,2.47964,0,9
14,28,2.5425253,0,9
15,25,2.3784187,0,9
16,23,2.5240111,0,9
17,18,3.1918976,0,9
18,23,2.4687128,0,9
19,24,3.001834,0,9
20,22,2.125717,0,9
21,16,3.3429508,0,9
1,36,2.4025939,0,10
2,24,1.3055118,0,10
3,15,1.977973,0,10
4,8,4.255646,0,10
5,25,1.5298549,0,10
6,16,2.7420537,0,10
7,30,2.325144,0,10
8,15,3.3730805,0,10
9,14,2.5725465,0,10
10,23,2.2890897,0,10
11,7,3.2127461,0,10
12,10,4.0726414,0,10
13,1,7.645216,0,10
14,10,3.7567472,0,10
15,8,4.648045,0,10
16,1,7.906809,0,10
17,6,4.0414186,0,10
18,1,7.9088387,0,10
19,8,4.262518,0,10
20,15,4.4881744,0,10
21,31,2.0485802,0,10
22,34,1.6949942,0,10
23,14,3.1907456,0,10
24,16,4.2630014,0,10
25,17,2.514205,0,10
26,22,2.9063914,0,10
27,16,3.082316,0,10
1,62,0.7944914,0,11
2,20,2.7336447,0,11
3,35,1.5104275,0,11
4,13,2.5256124,0,11
5,33,1.8402295,0,11
6,27,2.2955968,0,11
7,29,2.3116832,0,11
8,17,2.6479847,0,11
9,25,2.5908582,0,11
10,20,2.7220287,0,11
11,29,2.0983422,0,11
12,18,2.8916411,0,11
13,22,2.1898787,0,11
14,21,2.030619,0,11
15,23,2.1539211,0,11
1,39,1.0881832,0,12
2,19,1.7120794,0,12
3,26,1.6345501,0,12
4,21,1.975948,0,12
5,32,1.8299971,0,12
6,30,2.4622293,0,12
7,26,1.6094644,0,12
8,32,1.956416,0,12
9,20,2.7360384,0,12
10,22,2.134482,0,12
11,30,1.8039196,0,12
12,30,1.7955492,0,12
13,30,2.516958,0,12
14,19,2.7518003,0,12
15,25,2.1129339,0,12
16,7,4.984424,0,12
1,1,7.6062317,0,13
2,22,2.2145677,0,13
3,17,3.2962663,0,13
4,16,2.7087598,0,13
5,20,4.0445366,0,13
6,1,6.2728276,0,13
7,32,1.6781675,0,13
8,21,2.8921962,0,13
9,17,2.466829,0,13
10,1,7.0264015,0,13
11,18,3.847248,0,13
12,21,2.982999,0,13
13,17,2.8646593,0,13
14,18,3.261519,0,13
15,20,2.1810572,0,13
16,1,7.475412,0,13
17,18,2.9455562,0,13
18,24,3.086793,0,13
19,28,2.7225475,0,13
20,29,2.2987835,0,13
21,1,7.7489204,0,13
22,18,3.1169014,0,13
23,30,2.5585659,0,13
24,19,2.9434242,0,13
25,1,7.224268,0,13
26,4,4.5079093,0,13
1,24,2.224746,0,14
2,7,3.8802776,0,14
3,18,2.8989391,0,14
4,14,3.4542885,0,14
5,20,2.9948993,0,14
6,15,3.4904127,0,14
7,22,1.5789821,0,14
8,20,2.255597,0,14
9,12,1.9472163,0,14
10,25,1.892242,0,14
11,18,2.5479836,0,14
12,13,2.5787187,0,14
13,24,2.4000497,0,14
14,18,2.9938886,0,14
15,39,2.0796428,0,14
16,10,2.2971678,0,14
17,18,2.811939,0,14
18,23,2.924696,0,14
19,43,1.3836381,0,14
20,13,3.5219834,0,14
21,11,1.5629033,0,14
22,3,7.9693704,0,14
1,38,2.802109,0,15
2,31,1.8759457,0,15
3,25,2.5453331,0,15
4,14,3.3226666,0,15
5,30,2.7318718,0,15
6,19,2.9618063,0,15
7,26,3.0777156,0,15
8,23,2.5783741,0,15
9,22,3.1432874,0,15
10,33,2.7863114,0,15
11,16,3.39125,0,15
12,19,2.8908684,0,15
13,31,3.2626183,0,15
14,15,2.9783242,0,15
15,28,2.6007588,0,15
16,31,2.8952143,0,15
17,20,4.0053496,0,15
1,25,2.9501827,0,16
2,18,3.66809,0,16
3,33,2.971218,0,16
4,19,1.7841238,0,16
5,23,2.1927266,0,16
6,25,2.4881463,0,16
7,19,2.8188007,0,16
8,25,3.0468726,0,16
9,22,3.3694003,0,16
10,27,2.9395323,0,16
11,18,3.3048174,0,16
12,30,2.2500367,0,16
13,17,3.4114144,0,16
14,24,3.4608653,0,16
15,28,2.6374702,0,16
16,21,2.6019042,0,16
17,15,3.4515202,0,16
18,30,2.490189,0,16
19,24,2.8521798,0,16
1,42,2.5619338,0,17
2,26,2.3857546,0,17
3,20,2.1933205,0,17
4,20,2.1376238,0,17
5,21,3.1682074,0,17
6,16,2.9182384,0,17
7,20,2.6089942,0,17
8,32,2.4666238,0,17
9,26,2.0084884,0,17
10,24,3.3693082,0,17
11,22,3.4286816,0,17
12,27,2.6583762,0,17
13,41,2.3317444,0,17
14,22,3.4834127,0,17
15,13,3.2051022,0,17
16,21,3.4748137,0,17
17,30,2.5941212,0,17
18,3,4.832311,0,17
1,11,3.6298566,0,18
2,18,1.7099333,0,18
3,18,2.6880906,0,18
4,27,2.8281457,0,18
5,15,2.0712223,0,18
6,18,1.9969031,0,18
7,21,2.342636,0,18
8,27,1.9696404,0,18
9,12,3.6563957,0,18
10,30,1.9937227,0,18
11,30,1.4734113,0,18
12,20,2.4299989,0,18
13,20,2.8233745,0,18
14,20,2.847427,0,18
15,10,3.2696245,0,18
16,22,2.4108362,0,18
17,18,3.9674523,0,18
18,33,2.0453525,0,18
19,9,4.3349614,0,18
20,31,2.6639638,0,18
21,17,2.6302154,0,18
1,18,2.9452868,0,19
2,18,3.9327564,0,19
3,31,2.3105795,0,19
4,25,2.544336,0,19
5,17,2.4001691,0,19
6,30,2.2883568,0,19
7,18,3.024672,0,19
8,18,2.8504746,0,19
9,19,2.7208433,0,19
10,19,2.4205816,0,19
11,29,2.5810082,0,19
12,16,3.2175164,0,19
13,23,2.4015658,0,19
14,25,2.757435,0,19
15,13,3.7410376,0,19
16,12,3.987119,0,19
17,25,2.6026142,0,19
18,10,3.7345557,0,19
19,22,3.1987784,0,19
20,18,2.6346111,0,19
21,14,2.997646,0,19
22,34,2.4573917,0,19
23,16,3.5155835,0,19
1,34,2.146654,0,20
2,16,2.6129735,0,20
3,28,1.8368484,0,20
4,31,1.7261764,0,20
5,38,1.7165583,0,20
6,17,2.4638433,0,20
7,19,2.863728,0,20
8,27,2.202525,0,20
9,35,2.0863993,0,20
10,14,2.7549953,0,20
11,38,1.8160475,0,20
12,24,2.943148,0,20
13,19,3.0059762,0,20
14,16,2.4842606,0,20
15,37,2.9106712,0,20
16,18,2.9775772,0,20
17,4,10.132193,0,20
1,17,2.8319356,0,21
2,25,2.2186852,0,21
3,21,2.631722,0,21
4,30,1.4603122,0,21
5,26,2.5163424,0,21
6,22,3.3629687,0,21
7,12,3.1060746,0,21
8,17,1.9431516,0,21
9,38,1.5872915,0,21
10,16,3.1356547,0,21
11,13,3.6312547,0,21
12,52,1.9335599,0,21
13,14,3.7039216,0,21
14,29,2.9342399,0,21
15,31,2.205995,0,21
16,18,3.4547973,0,21
17,13,2.4907613,0,21
1,22,2.4078925,0,22
2,22,3.516872,0,22
3,4,4.7612586,0,22
4,31,1.8363554,0,22
5,18,2.768547,0,22
6,18,2.7455163,0,22
7,21,2.0928464,0,22
8,15,3.7711527,0,22
9,20,2.4114108,0,22
10,21,2.447535,0,22
11,29,2.376207,0,22
12,20,1.939447,0,22
13,18,2.900263,0,22
14,24,2.5140948,0,22
15,20,3.0036452,0,22
16,17,3.457014,0,22
17,40,2.861268,0,22
18,14,3.5158021,0,22
19,50,2.5152302,0,22
1,21,3.4117606,0,23
2,23,2.6424315,0,23
3,25,2.8572335,0,23
4,15,2.6165183,0,23
5,21,4.082411,0,23
6,34,2.432264,0,23
7,15,3.939038,0,23
8,31,2.211361,0,23
9,22,2.8534262,0,23
10,23,3.2199676,0,23
11,26,2.508118,0,23
12,40,2.3036556,0,23
13,23,3.0208433,0,23
14,26,1.2265291,0,23
15,25,3.2791839,0,23
16,16,2.7281163,0,23
17,36,1.6627247,0,23
18,28,1.8654951,0,23
19,4,5.278167,0,23
1,31,2.276143,0,24
2,16,3.4539852,0,24
3,22,2.4065943,0,24
4,15,3.5481198,0,24
5,15,3.0761578,0,24
6,26,2.0210493,0,24
7,19,2.617945,0,24
8,20,3.0364282,0,24
9,10,3.9023786,0,24
10,25,2.4155262,0,24
11,22,2.1487193,0,24
12,40,2.048919,0,24
13,14,3.8053486,0,24
14,10,2.7483525,0,24
15,19,2.7229247,0,24
16,23,3.329222,0,24
17,18,3.123879,0,24
18,26,3.4351099,0,24
19,15,2.3326788,0,24
20,19,3.178733,0,24
21,20,3.4638853,0,24
22,6,5.9057584,0,24
1,1,7.6062317,0,25
2,35,2.5266848,0,25
3,24,2.8102686,0,25
4,26,2.3966525,0,25
5,26,2.9733627,0,25
6,2,6.9459815,0,25
7,34,3.0022871,0,25
8,19,1.8478566,0,25
9,1,6.2728276,0,25
10,29,2.832443,0,25
11,20,3.1737962,0,25
12,23,3.3217638,0,25
13,18,2.3750167,0,25
14,1,7.0264015,0,25
15,25,2.7306716,0,25
16,18,2.827854,0,25
17,19,3.1927173,0,25
18,23,3.2541728,0,25
19,17,3.5947375,0,25
20,1,7.475412,0,25
21,14,3.0259476,0,25
22,26,2.8450603,0,25
23,23,2.8115554,0,25
24,19,2.3295155,0,25
1,26,1.9270805,0,26
2,28,2.481858,0,26
3,16,2.6720746,0,26
4,12,2.4000437,0,26
5,25,1.9534252,0,26
6,18,2.4506695,0,26
7,18,3.0822604,0,26
8,14,3.2885735,0,26
9,16,3.0438523,0,26
10,15,2.7615705,0,26
11,26,2.3389857,0,26
12,19,2.4250543,0,26
13,17,2.3615625,0,26
14,26,2.065564,0,26
15,14,1.7052995,0,26
16,15,3.269598,0,26
17,24,2.316681,0,26
18,19,1.6648164,0,26
19,26,1.6529421,0,26
20,19,2.6993213,0,26
21,20,2.8792534,0,26
1,24,1.9139235,0,27
2,23,2.2873166,0,27
3,19,2.1896262,0,27
4,31,2.4005382,0,27
5,15,1.9940588,0,27
6,28,2.4718351,0,27
7,25,2.9019647,0,27
8,20,2.8379376,0,27
9,22,2.5493827,0,27
10,25,2.8625846,0,27
11,17,4.0044103,0,27
12,18,2.9864423,0,27
13,14,3.6720407,0,27
14,13,4.5888906,0,27
15,19,2.2208736,0,27
16,22,2.2152474,0,27
17,27,2.4846742,0,27
18,14,2.4984329,0,27
19,32,2.3571584,0,27
20,27,2.636429,0,27
21,10,3.3780448,0,27
1,37,2.3180118,0,28
2,26,3.1463075,0,28
3,18,2.1187894,0,28
4,26,1.7414727,0,28
5,28,2.6285994,0,28
6,18,3.3146825,0,28
7,23,2.441969,0,28
8,28,2.7408707,0,28
9,17,2.7316196,0,28
10,21,2.607243,0,28
11,26,2.679048,0,28
12,24,2.6548035,0,28
13,21,2.8882852,0,28
14,33,2.2814689,0,28
15,23,3.7508457,0,28
16,24,2.998207,0,28
17,25,2.0822616,0,28
18,17,2.3033392,0,28
19,10,2.8498862,0,28
1,21,2.667007,0,29
2,27,2.131206,0,29
3,21,2.0893784,0,29
4,23,2.523846,0,29
5,26,1.9011965,0,29
6,29,2.7273989,0,29
7,31,2.1679358,0,29
8,20,2.8333707,0,29
9,16,4.0813956,0,29
10,28,2.8493798,0,29
11,23,2.3966665,0,29
12,15,2.5362086,0,29
13,24,2.7853053,0,29
14,16,2.6925519,0,29
15,28,2.5187023,0,29
16,22,2.9197772,0,29
17,19,3.5740778,0,29
18,24,2.9366293,0,29
1,18,3.4672096,0,30
2,13,3.9678314,0,30
3,22,2.4412196,0,30
4,17,1.9280537,0,30
5,19,1.8554188,0,30
6,26,1.7788604,0,30
7,17,1.7618538,0,30
8,24,1.8740995,0,30
9,26,2.2178752,0,30
10,20,1.7990594,0,30
11,18,3.3864017,0,30
12,30,1.7780257,0,30
13,19,2.8240788,0,30
14,25,3.0967646,0,30
15,23,2.817811,0,30
16,19,2.746083,0,30
17,27,2.8824663,0,30
18,22,2.1832201,0,30
19,21,2.6729858,0,30
20,13,2.235504,0,30
21,16,2.5994048,0,30
1,36,2.654745,0,31
2,13,2.9145904,0,31
3,47,2.1661475,0,31
4,29,1.2912884,0,31
5,25,2.66521,0,31
6,42,2.1470683,0,31
7,26,1.8699175,0,31
8,23,2.490684,0,31
9,33,2.0596864,0,31
10,33,2.2748377,0,31
11,41,1.8817391,0,31
12,44,2.0933373,0,31
13,21,3.5711622,0,31
14,15,3.2026558,0,31
1,19,2.9246223,0,32
2,41,2.0518358,0,32
3,20,3.204181,0,32
4,16,3.5807993,0,32
5,19,2.5770743,0,32
6,19,2.8151762,0,32
7,23,2.8921835,0,32
8,16,4.6999345,0,32
9,27,2.925766,0,32
10,21,2.8787649,0,32
11,13,3.0306861,0,32
12,36,1.6634811,0,32
13,20,4.1125197,0,32
14,23,4.216026,0,32
15,21,3.2798016,0,32
16,18,4.4885097,0,32
17,18,4.083543,0,32
18,22,2.29973,0,32
19,35,2.6447127,0,32
20,7,4.390331,0,32
21,26,3.4735348,0,32
22,7,3.6783407,0,32
1,14,5.9670434,0,33
2,39,1.2632254,0,33
3,27,2.1263764,0,33
4,30,2.685594,0,33
5,1,5.0491767,0,33
6,15,2.002356,0,33
7,25,3.1426952,0,33
8,17,3.75712,0,33
9,31,2.4741511,0,33
10,22,3.0407393,0,33
11,18,2.7733524,0,33
12,26,3.1461928,0,33
13,28,2.4086387,0,33
14,26,2.795345,0,33
15,16,3.034539,0,33
16,17,2.691265,0,33
17,27,2.2832818,0,33
18,26,2.3927522,0,33
19,12,2.7510762,0,33
20,21,3.3867984,0,33
21,19,3.0793169,0,33
22,1,5.077564,0,33
1,34,2.5427067,0,34
2,18,2.3617287,0,34
3,28,1.669575,0,34
4,25,2.4464068,0,34
5,22,2.2039852,0,34
6,14,2.8773122,0,34
1,29,1.9227848,0,35
2,25,1.375576,0,35
3,30,2.012951,0,35
4,21,3.3604336,0,35
5,32,1.9730388,0,35
6,30,1.5497984,0,35
7,14,2.6212218,0,35
8,22,2.1432166,0,35
9,17,3.023432,0,35
10,29,1.748168,0,35
11,13,2.3520005,0,35
12,22,1.5599704,0,35
13,30,2.045442,0,35
14,15,2.3121312,0,35
15,26,1.5312028,0,35
16,20,2.8604271,0,35
17,21,2.4239647,0,35
18,20,3.1826966,0,35
19,2,4.3007913,0,35
1,26,2.3674352,0,36
2,21,2.6321855,0,36
3,26,2.3793626,0,36
4,24,2.4652226,0,36
5,26,2.7398002,0,36
6,6,3.6266453,0,36
7,22,2.878186,0,36
8,30,2.3766437,0,36
9,27,2.1175206,0,36
10,20,2.9584677,0,36
11,16,3.824635,0,36
12,24,3.3143842,0,36
13,27,2.5053349,0,36
14,19,3.7677817,0,36
15,20,3.511626,0,36
16,28,2.7287529,0,36
17,22,3.391497,0,36
18,7,3.5442553,0,36
19,30,2.3416283,0,36
20,8,3.503556,0,36
1,27,2.968158,0,37
2,28,1.6809978,0,37
3,24,2.3696806,0,37
4,13,2.652602,0,37
5,28,1.2154189,0,37
6,23,1.9899349,0,37
7,29,2.0842478,0,37
8,20,3.466482,0,37
9,30,2.113287,0,37
10,18,2.328636,0,37
11,18,4.153228,0,37
12,33,2.8563354,0,37
13,34,2.3201656,0,37
14,30,2.3447747,0,37
1,30,2.344341,0,38
2,18,2.641084,0,38
3,19,2.4573572,0,38
4,17,3.5429387,0,38
5,24,2.6393566,0,38
6,19,2.2600236,0,38
7,21,2.7083893,0,38
8,15,3.7126007,0,38
9,21,2.8696814,0,38
10,23,2.8859165,0,38
11,23,2.7480333,0,38
12,22,2.2719352,0,38
13,29,2.4436085,0,38
14,29,2.394817,0,38
15,20,2.5509117,0,38
16,23,2.9663305,0,38
17,34,2.3291605,0,38
18,15,2.6115963,0,38
19,24,2.947996,0,38
20,28,2.6689246,0,38
21,4,4.5079093,0,38
1,1,7.6062317,0,39
2,22,2.4106677,0,39
3,18,3.2331107,0,39
4,32,1.6941267,0,39
5,1,6.2728276,0,39
6,23,2.5658653,0,39
7,43,1.8020029,0,39
8,19,2.0574422,0,39
9,1,7.0264015,0,39
10,22,2.7251103,0,39
11,31,1.6316215,0,39
12,24,2.0632021,0,39
13,14,2.7732346,0,39
14,22,2.6447828,0,39
15,1,7.475412,0,39
16,18,3.0475159,0,39
17,34,2.5769372,0,39
18,23,2.6692984,0,39
19,24,2.8705719,0,39
20,1,7.224268,0,39
21,16,4.5661645,0,39
1,15,3.9664435,0,40
2,15,2.5701816,0,40
3,35,1.4845368,0,40
4,27,1.5940926,0,40
5,25,2.3610084,0,40
6,24,2.40367,0,40
7,24,2.1062903,0,40
8,31,2.4700987,0,40
9,1,5.0491767,0,40
10,18,3.8927813,0,40
11,33,1.7959756,0,40
12,22,2.9549775,0,40
13,7,3.1246223,0,40
14,16,3.2713377,0,40
15,1,7.645216,0,40
16,14,3.5182502,0,40
17,17,3.4913907,0,40
18,1,7.906809,0,40
19,17,2.8460374,0,40
20,24,2.4359448,0,40
21,14,4.444778,0,40
22,25,2.7463448,0,40
23,12,3.700569,0,40
24,19,4.0306454,0,40
1,19,3.6105058,0,41
2,31,0.9984117,0,41
3,30,1.2616898,0,41
4,30,2.005743,0,41
5,31,2.2642832,0,41
6,21,2.5072923,0,41
7,27,1.7340033,0,41
8,22,1.8360385,0,41
9,27,2.2050529,0,41
10,18,2.521624,0,41
11,26,1.8835945,0,41
12,25,2.6815715,0,41
13,26,2.1241024,0,41
14,19,2.509108,0,41
15,18,1.7008446,0,41
16,22,2.8233554,0,41
17,26,2.0846224,0,41
1,11,2.8083029,0,42
2,19,1.7455995,0,42
3,27,1.6145693,0,42
4,28,1.8497165,0,42
5,14,2.1910431,0,42
6,30,1.4883024,0,42
7,30,1.8743732,0,42
8,21,2.8902564,0,42
9,16,2.6185145,0,42
10,27,2.0269392,0,42
11,17,3.1552866,0,42
12,22,2.6651964,0,42
13,17,2.2674077,0,42
14,26,2.2651877,0,42
15,25,1.9647619,0,42
16,19,3.436402,0,42
17,21,2.3617508,0,42
18,22,2.4943686,0,42
19,26,2.3293793,0,42
20,15,3.2014353,0,42
1,27,2.8048759,0,43
2,58,1.7830695,0,43
3,15,3.5891695,0,43
4,37,0.9498253,0,43
5,38,1.6185623,0,43
6,54,1.8783165,0,43
7,83,1.5307082,0,43
8,21,2.852207,0,43
9,44,2.7295315,0,43
10,28,2.6052165,0,43
11,16,3.8388271,0,43
1,14,3.3274279,0,44
2,24,2.0006318,0,44
3,20,2.4786878,0,44
4,19,2.4933488,0,44
5,23,3.8894873,0,44
6,1,5.0491767,0,44
7,28,2.7751915,0,44
8,14,2.5039506,0,44
9,16,3.2365246,0,44
10,25,2.141191,0,44
11,19,3.258598,0,44
12,21,2.4265335,0,44
13,22,2.6006033,0,44
14,14,3.6933696,0,44
15,16,3.7704353,0,44
16,26,2.897444,0,44
17,32,2.5116236,0,44
18,10,4.157878,0,44
19,16,2.946368,0,44
20,25,2.4756634,0,44
21,26,2.490247,0,44
22,23,3.464817,0,44
1,5,3.5711668,0,45
2,28,1.4990357,0,45
3,34,1.9026728,0,45
4,43,1.8116899,0,45
5,16,2.6876023,0,45
6,26,1.1946783,0,45
7,84,1.2842458,0,45
8,11,2.6333246,0,45
9,9,2.5800457,0,45
10,11,3.3925047,0,45
11,32,1.5802987,0,45
1,28,2.4039617,0,46
2,18,2.7834628,0,46
3,27,2.274191,0,46
4,25,3.1581397,0,46
5,14,3.0054946,0,46
6,26,2.3560452,0,46
7,30,2.3423522,0,46
8,31,2.591185,0,46
9,29,2.597775,0,46
10,25,2.5256763,0,46
11,27,2.5459104,0,46
12,28,2.0188718,0,46
13,28,2.924743,0,46
14,22,2.5054843,0,46
15,35,2.4700255,0,46
16,23,2.2297337,0,46
17,7,4.5561123,0,46
1,20,3.5327194,0,47
2,13,2.829295,0,47
3,24,3.2058556,0,47
4,26,1.4289832,0,47
5,19,2.6645863,0,47
6,30,1.967547,0,47
7,18,2.7926981,0,47
8,22,2.771279,0,47
9,15,3.361649,0,47
10,24,2.9755845,0,47
11,20,2.7087927,0,47
12,27,2.987521,0,47
13,16,4.312501,0,47
14,29,2.5617225,0,47
15,24,2.8542433,0,47
16,7,3.3826551,0,47
17,20,2.79761,0,47
18,25,3.0529547,0,47
19,24,2.5214448,0,47
20,28,3.6070135,0,47
21,13,2.721967,0,47
1,1,7.3374333,0,48
2,31,2.2200987,0,48
3,32,1.8702363,0,48
4,30,2.6488514,0,48
5,1,6.2728276,0,48
6,29,1.5606924,0,48
7,31,1.4018484,0,48
8,25,1.6094404,0,48
9,20,2.5388517,0,48
10,1,7.0264015,0,48
11,18,3.3189182,0,48
12,18,2.1750708,0,48
13,16,3.1322067,0,48
14,14,3.1336668,0,48
15,56,1.8604361,0,48
16,1,7.475412,0,48
17,24,2.4223173,0,48
18,1,7.270113,0,48
1,25,2.6712253,0,49
2,22,2.9580524,0,49
3,39,1.5967319,0,49
4,20,2.215733,0,49
5,6,4.7959604,0,49
6,15,2.5460978,0,49
7,17,2.5950327,0,49
8,13,2.2985656,0,49
9,22,2.5428424,0,49
10,17,3.4022522,0,49
11,32,1.743582,0,49
12,28,2.5953844,0,49
13,20,1.9504786,0,49
14,22,2.1425424,0,49
15,20,2.5979912,0,49
16,23,2.218384,0,49
17,21,3.0250287,0,49
18,17,2.570908,0,49
19,26,2.7054784,0,49
20,13,3.5339453,0,49
1,1,7.6062317,0,50
2,21,1.868047,0,50
3,25,2.2112367,0,50
4,28,2.7238653,0,50
5,2,6.9459815,0,50
6,20,3.1186602,0,50
7,27,2.194094,0,50
8,17,2.861313,0,50
9,17,3.5632584,0,50
10,1,6.2728276,0,50
11,19,3.1567469,0,50
12,17,3.5032895,0,50
13,25,2.3176174,0,50
14,14,3.899938,0,50
15,1,7.0264015,0,50
16,18,2.9406226,0,50
17,29,2.288259,0,50
18,27,2.299039,0,50
19,1,7.475412,0,50
20,15,3.7079704,0,50
21,28,2.5282934,0,50
22,23,2.8352458,0,50
23,25,2.6831949,0,50
1,9,4.580435,0,51
2,11,3.348015,0,51
3,11,3.4264195,0,51
4,21,1.4753681,0,51
5,25,2.5068321,0,51
6,17,3.175294,0,51
7,21,2.6346405,0,51
8,30,2.154526,0,51
9,27,2.1614623,0,51
10,23,2.8934824,0,51
11,19,2.426226,0,51
12,19,3.3081267,0,51
13,24,2.9495313,0,51
14,22,2.7599003,0,51
15,22,3.4217677,0,51
16,19,3.4428792,0,51
17,26,2.885089,0,51
18,7,4.043859,0,51
19,18,3.2031932,0,51
20,27,2.979381,0,51
21,18,3.0023978,0,51
22,24,2.6498096,0,51
23,17,3.0704558,0,51
1,15,4.694119,0,52
2,26,1.242827,0,52
3,19,1.5552347,0,52
4,27,1.746618,0,52
5,19,1.6762658,0,52
6,16,2.2237864,0,52
7,32,1.4183927,0,52
8,22,2.303888,0,52
9,16,4.3022947,0,52
10,30,1.9456853,0,52
11,19,2.5086403,0,52
12,19,2.8706045,0,52
13,19,2.710975,0,52
14,23,1.7439663,0,52
15,31,1.6360352,0,52
16,23,2.6189346,0,52
17,11,3.2417426,0,52
18,27,2.3178263,0,52
19,16,2.9418087,0,52
20,21,2.5567937,0,52
21,3,5.6811624,0,52
1,13,4.7004757,0,53
2,24,2.7176862,0,53
3,17,3.2702243,0,53
4,32,2.7144942,0,53
5,24,3.2459803,0,53
6,19,2.7253702,0,53
7,11,2.9134104,0,53
8,23,2.9403973,0,53
9,29,2.6194386,0,53
10,16,2.8870094,0,53
11,22,3.5366426,0,53
12,31,1.8061777,0,53
13,25,2.5827966,0,53
14,28,2.9362721,0,53
15,32,1.6826366,0,53
16,28,1.8060298,0,53
17,22,2.7090113,0,53
18,22,2.8319488,0,53
19,21,2.5822709,0,53
1,25,2.3636358,0,54
2,16,2.5365932,0,54
3,40,1.1950132,0,54
4,22,1.917162,0,54
5,25,2.0188746,0,54
6,29,2.2298644,0,54
7,24,2.1335454,0,54
8,23,2.3812697,0,54
9,21,2.513671,0,54
10,28,1.9774477,0,54
11,27,2.093292,0,54
12,30,2.6292813,0,54
13,20,2.8908973,0,54
14,20,2.3326385,0,54
15,26,2.982176,0,54
16,20,2.6261003,0,54
1,1,7.3374333,0,55
2,19,2.9627335,0,55
3,20,2.8034282,0,55
4,1,6.9705305,0,55
5,18,1.7842455,0,55
6,17,3.0859256,0,55
7,18,2.8617306,0,55
8,1,6.2728276,0,55
9,17,2.6241395,0,55
10,23,2.6937845,0,55
11,21,2.4130316,0,55
12,22,3.3347669,0,55
13,1,8.520433,0,55
14,24,2.8680549,0,55
15,31,2.6950924,0,55
16,31,2.448935,0,55
17,1,7.7489204,0,55
18,27,2.0102332,0,55
19,27,2.2518177,0,55
20,33,2.090126,0,55
21,1,7.224268,0,55
22,34,2.7805414,0,55
23,24,2.9431984,0,55
1,22,2.2836027,0,56
2,19,2.8916051,0,56
3,21,3.0784457,0,56
4,1,5.0491767,0,56
5,23,3.1340134,0,56
6,27,2.8643851,0,56
7,19,3.9660788,0,56
8,22,3.8276877,0,56
9,28,2.72955,0,56
10,27,3.3756504,0,56
11,27,3.4491158,0,56
12,19,3.6883721,0,56
13,23,3.0299373,0,56
14,1,14.08683,0,56
15,21,2.7974718,0,56
16,25,3.4304318,0,56
17,21,3.1388571,0,56
18,24,3.5159354,0,56
19,24,2.885178,0,56
1,10,2.101067,0,57
2,30,2.7719514,0,57
3,23,2.5602784,0,57
4,18,2.2841465,0,57
5,14,2.9265318,0,57
6,36,1.8662095,0,57
7,28,2.3518605,0,57
8,12,3.4244196,0,57
9,13,2.686003,0,57
10,18,1.9651113,0,57
11,21,3.307811,0,57
12,26,2.16847,0,57
13,32,2.1978126,0,57
14,15,2.8152583,0,57
15,19,3.0511603,0,57
16,22,2.84821,0,57
17,11,3.9506662,0,57
18,30,3.4410472,0,57
19,18,2.966674,0,57
20,24,1.7704495,0,57
21,30,3.0891862,0,57
1,1,7.6062317,0,58
2,23,3.4539573,0,58
3,24,2.4341264,0,58
4,33,1.7053437,0,58
5,27,2.1308844,0,58
6,2,6.9459815,0,58
7,15,3.433434,0,58
8,21,2.9668732,0,58
9,14,2.504173,0,58
10,24,2.0855772,0,58
11,19,2.8957846,0,58
12,26,3.0846934,0,58
13,1,7.0264015,0,58
14,18,3.6228645,0,58
15,32,2.1540513,0,58
16,35,2.1172554,0,58
17,1,7.475412,0,58
18,21,2.4803345,0,58
19,34,2.2071538,0,58
20,29,2.3247087,0,58
21,1,7.7489204,0,58
22,18,3.1902626,0,58
23,25,2.356332,0,58
24,1,3.6562576,0,58
1,21,2.2271912,0,59
2,26,1.6750286,0,59
3,20,2.376493,0,59
4,32,1.9288404,0,59
5,20,2.0017574,0,59
6,25,1.8825078,0,59
7,20,2.4378648,0,59
8,30,1.8527629,0,59
9,23,2.5360425,0,59
10,19,2.1032126,0,59
11,16,3.0272143,0,59
12,23,1.8896506,0,59
13,24,2.3554363,0,59
14,22,2.9296663,0,59
15,31,2.2704134,0,59
16,13,2.3379912,0,59
17,16,2.9038277,0,59
18,16,2.8172448,0,59
19,22,2.5490584,0,59
20,7,3.057538,0,59
1,26,2.5831976,0,60
2,34,1.8680332,0,60
3,28,3.0240436,0,60
4,14,2.6808803,0,60
5,22,2.911373,0,60
6,23,2.6855214,0,60
7,35,2.2945707,0,60
8,26,2.8466651,0,60
9,29,2.476073,0,60
10,23,2.8513744,0,60
11,30,2.15644,0,60
12,26,2.2447858,0,60
13,20,2.6773767,0,60
14,41,3.2036097,0,60
15,25,1.7146493,0,60
16,34,2.4924538,0,60
17,29,2.887705,0,60
1,29,3.01772,0,61
2,25,1.2654067,0,61
3,27,1.930218,0,61
4,29,3.030837,0,61
5,36,2.678603,0,61
6,37,2.3718224,0,61
7,32,2.0944781,0,61
8,31,2.2120824,0,61
9,30,2.9537427,0,61
10,20,2.757859,0,61
11,28,2.5082312,0,61
12,26,2.3705535,0,61
13,20,3.6038704,0,61
14,19,3.2767086,0,61
15,18,4.864877,0,61
16,19,3.115697,0,61
17,22,3.5993137,0,61
18,3,7.595892,0,61
1,34,1.8827653,0,62
2,13,2.5280864,0,62
3,24,2.5327373,0,62
4,21,2.804747,0,62
5,13,2.5977178,0,62
6,23,2.0096228,0,62
7,25,2.8367703,0,62
8,20,3.3086607,0,62
9,19,2.6486995,0,62
10,24,2.3751612,0,62
11,32,2.0888495,0,62
12,22,2.305021,0,62
13,27,2.1040485,0,62
14,17,2.6817167,0,62
15,18,2.4802978,0,62
16,24,2.319054,0,62
17,30,2.431681,0,62
18,17,2.4294581,0,62
19,21,2.5658495,0,62
20,30,2.1291418,0,62
21,1,7.992934,0,62
1,28,2.8781488,0,63
2,36,2.2466035,0,63
3,18,2.321728,0,63
4,25,1.9824406,0,63
5,28,2.967417,0,63
6,23,1.9736189,0,63
7,23,3.2467787,0,63
8,27,2.9156482,0,63
9,32,2.3898878,0,63
10,25,3.0857973,0,63
11,38,2.4669878,0,63
12,28,2.1214566,0,63
13,38,2.5464773,0,63
14,25,2.0883856,0,63
15,24,2.7216473,0,63
16,18,2.5164726,0,63
1,25,2.8574324,0,64
2,32,1.6598155,0,64
3,25,1.8905761,0,64
4,21,2.2557774,0,64
5,30,2.139696,0,64
6,5,3.7194602,0,64
7,30,2.440415,0,64
8,30,1.7840194,0,64
9,17,2.6704776,0,64
10,26,2.818628,0,64
11,33,2.0011413,0,64
12,15,3.944049,0,64
13,31,2.4941294,0,64
14,13,3.426386,0,64
15,34,1.885375,0,64
16,28,2.2281873,0,64
17,28,2.7315903,0,64
1,20,2.7086651,0,65
2,23,1.8844095,0,65
3,26,1.9559312,0,65
4,17,3.4693284,0,65
5,13,4.0154295,0,65
6,31,2.65013,0,65
7,21,2.200296,0,65
8,28,2.4611843,0,65
9,19,3.4245412,0,65
10,23,2.0147417,0,65
11,15,2.3318474,0,65
12,23,2.480254,0,65
13,21,2.2876446,0,65
14,27,3.5565095,0,65
15,19,3.398099,0,65
16,27,2.3935716,0,65
17,29,2.0761957,0,65
18,24,2.3487465,0,65
19,17,3.8976204,0,65
20,19,2.6103303,0,65
21,14,2.8331213,0,65
1,23,2.5076692,0,66
2,18,2.48106,0,66
3,38,2.224262,0,66
4,27,2.8194973,0,66
5,20,2.462293,0,66
6,28,2.1298125,0,66
7,38,2.1464899,0,66
8,19,2.011994,0,66
9,27,2.415995,0,66
10,39,1.476448,0,66
11,27,2.8121507,0,66
12,22,2.0384707,0,66
13,33,2.7371259,0,66
14,28,2.058558,0,66
15,24,2.7368488,0,66
16,19,3.1889653,0,66
1,7,6.6854057,0,67
2,51,1.2119535,0,67
3,17,3.1512554,0,67
4,26,1.824206,0,67
5,30,1.6253178,0,67
6,18,2.7308137,0,67
7,60,1.2823778,0,67
8,12,3.441051,0,67
9,24,2.0392594,0,67
10,18,3.4492652,0,67
11,20,3.0858977,0,67
12,25,2.6391702,0,67
13,29,2.2351468,0,67
14,15,3.6246455,0,67
15,9,3.9819021,0,67
1,31,1.9372385,0,68
2,27,1.9832263,0,68
3,32,2.1395752,0,68
4,26,2.426701,0,68
5,27,1.9535838,0,68
6,28,2.2653,0,68
7,29,1.8272338,0,68
8,27,2.0619242,0,68
9,22,2.1882236,0,68
10,18,2.4422145,0,68
11,29,2.1432629,0,68
12,30,1.9631163,0,68
13,32,2.232849,0,68
14,21,2.4807951,0,68
15,27,2.3838468,0,68
1,25,2.0867026,0,69
2,17,3.7606833,0,69
3,30,1.844948,0,69
4,17,2.4465718,0,69
5,42,1.2918229,0,69
6,18,2.58509,0,69
7,16,3.5304782,0,69
8,28,2.299398,0,69
9,32,2.2557898,0,69
10,35,2.109966,0,69
11,30,2.068778,0,69
12,20,1.9208537,0,69
13,35,1.9597524,0,69
14,26,3.239025,0,69
15,32,2.1391299,0,69
16,18,2.401513,0,69
17,21,2.493634,0,69
1,11,3.382496,0,70
2,29,1.4080838,0,70
3,19,2.0206628,0,70
4,31,1.630661,0,70
5,25,2.1158938,0,70
6,25,2.0053287,0,70
7,26,1.455316,0,70
8,14,2.6220665,0,70
9,18,1.8025277,0,70
10,21,2.0773933,0,70
11,25,2.0294912,0,70
12,19,2.4226217,0,70
13,32,1.6113155,0,70
14,21,2.3276374,0,70
15,17,2.6187038,0,70
16,15,2.959386,0,70
17,18,2.4505372,0,70
18,24,2.1182673,0,70
19,18,2.9300253,0,70
20,7,3.196518,0,70
21,16,1.9693074,0,70
1,21,2.717615,0,71
2,15,1.3746578,0,71
3,10,2.7593277,0,71
4,15,4.812187,0,71
5,19,3.7340276,0,71
6,1,5.0491767,0,71
7,11,2.230878,0,71
8,16,3.1047301,0,71
9,10,4.272983,0,71
10,16,4.146806,0,71
11,18,3.167366,0,71
12,17,2.6468332,0,71
13,21,3.70595,0,71
14,7,5.010049,0,71
15,16,2.9332395,0,71
16,1,7.645216,0,71
17,12,2.6505141,0,71
18,13,4.0885572,0,71
19,14,4.0527735,0,71
20,20,4.892491,0,71
21,16,2.6170406,0,71
22,19,3.6884375,0,71
23,16,3.8470182,0,71
24,13,3.939409,0,71
25,13,4.14603,0,71
26,11,3.646371,0,71
27,16,3.827118,0,71
28,1,5.7916517,0,71
29,17,5.4362106,0,71
30,13,5.0285625,0,71
1,38,3.0342963,0,72
2,24,2.2872748,0,72
3,17,3.1211522,0,72
4,31,2.2710633,0,72
5,25,2.5109468,0,72
6,14,3.5606012,0,72
7,17,2.816223,0,72
8,20,2.9240677,0,72
9,21,2.712104,0,72
10,25,2.6884313,0,72
11,12,4.338711,0,72
12,21,2.6593935,0,72
13,25,2.6613379,0,72
14,25,2.7068305,0,72
15,25,2.733639,0,72
16,30,3.2170968,0,72
17,20,4.0030217,0,72
18,21,2.2847526,0,72
19,17,3.682177,0,72
20,11,2.9916217,0,72
1,50,1.9186653,0,73
2,23,2.3579366,0,73
3,51,1.1693947,0,73
4,25,1.453323,0,73
5,31,1.8590978,0,73
6,41,1.8036156,0,73
7,18,3.491721,0,73
8,28,2.084391,0,73
9,20,2.3078394,0,73
10,26,2.168852,0,73
11,23,2.2246675,0,73
12,28,1.6940012,0,73
13,21,2.5709891,0,73
14,17,3.2238019,0,73
15,13,3.4017107,0,73
16,11,3.6241224,0,73
1,22,3.117104,0,74
2,35,1.8134495,0,74
3,20,2.544625,0,74
4,25,1.8121694,0,74
5,20,2.0067446,0,74
6,31,2.3019803,0,74
7,18,2.4871743,0,74
8,21,2.0202398,0,74
9,23,3.4040875,0,74
10,20,3.643798,0,74
11,26,2.3826218,0,74
12,27,2.5636687,0,74
13,16,2.843557,0,74
14,35,1.7442987,0,74
15,26,2.537201,0,74
16,16,2.6449997,0,74
17,30,2.2172945,0,74
18,21,2.6991773,0,74
1,19,4.1944737,0,75
2,19,2.3832865,0,75
3,24,2.3121119,0,75
4,24,2.2263656,0,75
5,17,4.332124,0,75
6,16,3.3190064,0,75
7,38,1.9616865,0,75
8,18,4.2716594,0,75
9,26,2.1368248,0,75
10,17,2.3542197,0,75
11,35,1.5375205,0,75
12,20,2.7365723,0,75
13,28,3.221162,0,75
14,25,2.061984,0,75
15,20,2.476428,0,75
16,24,3.0000558,0,75
17,20,2.8347921,0,75
18,15,4.0078506,0,75
1,31,2.839745,0,76
2,33,1.8184768,0,76
3,23,1.6323584,0,76
4,31,2.1065845,0,76
5,23,2.1620395,0,76
6,18,2.348427,0,76
7,18,2.7611718,0,76
8,19,2.7462804,0,76
9,25,2.5208788,0,76
10,25,2.8877876,0,76
11,26,2.4318454,0,76
12,25,2.5757444,0,76
13,19,2.7853475,0,76
14,18,3.142173,0,76
15,22,3.106724,0,76
16,20,2.065312,0,76
17,23,2.3307133,0,76
18,20,2.1675234,0,76
19,13,3.4630466,0,76
1,23,3.6725092,0,77
2,43,2.1681943,0,77
3,19,3.2464862,0,77
4,26,2.6079648,0,77
5,32,2.0122905,0,77
6,23,3.2744634,0,77
7,15,3.1307123,0,77
8,26,3.027994,0,77
9,18,4.3619614,0,77
10,18,3.2643502,0,77
11,26,2.752919,0,77
12,20,3.5510635,0,77
13,26,3.0766842,0,77
14,21,2.028163,0,77
15,22,2.8053577,0,77
16,24,2.5000648,0,77
17,27,2.876112,0,77
18,24,2.6164029,0,77
19,19,3.3069935,0,77
20,6,5.376799,0,77
1,14,3.3973744,0,78
2,16,2.2432828,0,78
3,17,2.6281922,0,78
4,9,3.698917,0,78
5,21,3.082426,0,78
6,13,2.7013419,0,78
7,17,1.9369029,0,78
8,16,2.8801568,0,78
9,23,2.1550014,0,78
10,18,3.0678773,0,78
11,14,2.069588,0,78
12,17,2.806801,0,78
13,21,3.0771248,0,78
14,27,2.1905913,0,78
15,18,3.644265,0,78
16,29,2.254073,0,78
17,20,2.5146532,0,78
18,30,2.3694477,0,78
19,24,2.0545926,0,78
20,21,2.1965215,0,78
21,17,1.6145585,0,78
22,12,3.5178876,0,78
1,34,1.5681225,0,79
2,25,1.5331959,0,79
3,24,1.3240118,0,79
4,35,1.3619281,0,79
5,15,2.7219427,0,79
6,30,1.3182589,0,79
7,25,1.7815775,0,79
8,21,2.017533,0,79
9,23,2.473287,0,79
10,26,2.26922,0,79
11,26,2.0544336,0,79
12,7,3.3826551,0,79
13,32,1.7385309,0,79
14,31,1.5923997,0,79
15,27,2.1665733,0,79
16,29,1.2744173,0,79
17,3,5.3429775,0,79
1,28,2.7320051,0,80
2,25,2.402634,0,80
3,27,2.2000601,0,80
4,19,1.6854559,0,80
5,17,2.41634,0,80
6,24,2.2299666,0,80
7,16,3.3832688,0,80
8,20,2.629268,0,80
9,11,3.2605138,0,80
10,21,2.483789,0,80
11,17,2.5875916,0,80
12,17,2.7936215,0,80
13,27,2.3545053,0,80
14,13,3.4176874,0,80
15,21,2.820083,0,80
16,22,1.8126513,0,80
17,17,2.8860025,0,80
18,22,2.8087702,0,80
19,10,4.2813406,0,80
20,14,3.2602513,0,80
21,18,3.269983,0,80
22,17,3.2415292,0,80
23,20,2.9636164,0,80
24,13,4.066032,0,80
1,39,1.970447,0,81
2,26,2.7868648,0,81
3,30,2.3342013,0,81
4,28,1.6155461,0,81
5,21,2.0910058,0,81
6,27,1.9078643,0,81
7,28,2.2983577,0,81
8,22,2.4932425,0,81
9,24,2.0860415,0,81
10,29,2.4405346,0,81
11,14,3.5047145,0,81
12,18,2.275853,0,81
13,21,2.3515365,0,81
14,19,2.971406,0,81
15,18,3.2964423,0,81
16,24,2.7615404,0,81
17,17,2.2759652,0,81
18,24,2.45822,0,81
19,14,2.465736,0,81
1,36,2.637673,0,82
2,29,2.4219213,0,82
3,25,1.6205753,0,82
4,17,2.8288114,0,82
5,27,2.3303692,0,82
6,29,3.1800447,0,82
7,14,2.632091,0,82
8,21,2.5868256,0,82
9,20,3.9778063,0,82
10,26,2.601859,0,82
11,23,2.0749726,0,82
12,27,1.5801135,0,82
13,25,2.6952803,0,82
14,34,3.276463,0,82
15,7,2.832534,0,82
16,25,2.933519,0,82
17,22,3.0987773,0,82
18,21,4.2207894,0,82
1,15,3.158916,0,83
2,26,2.297185,0,83
3,31,2.08459,0,83
4,13,2.520805,0,83
5,42,1.7959405,0,83
6,25,1.7559115,0,83
7,24,2.5706024,0,83
8,18,4.1940455,0,83
9,30,2.5885658,0,83
10,19,2.5458753,0,83
11,32,2.3896136,0,83
12,21,2.8533769,0,83
13,38,1.491923,0,83
14,1,5.7916517,0,83
15,25,2.525208,0,83
16,20,2.576184,0,83
1,23,2.1568086,0,84
2,21,2.082064,0,84
3,18,2.8385084,0,84
4,24,2.2475448,0,84
5,20,2.71293,0,84
6,28,2.7985766,0,84
7,18,2.7933104,0,84
8,15,3.134798,0,84
9,20,2.9823515,0,84
10,24,2.0966144,0,84
11,21,3.072055,0,84
12,32,2.2952182,0,84
13,16,2.832005,0,84
14,27,2.7162728,0,84
15,7,3.9847064,0,84
16,37,2.1123328,0,84
17,26,2.0173612,0,84
18,18,3.6510868,0,84
19,27,2.2945237,0,84
20,27,1.9454849,0,84
21,18,3.0036814,0,84
22,2,3.9959507,0,84
1,33,2.083139,0,85
2,15,2.8606184,0,85
3,29,2.0979347,0,85
4,30,1.3914627,0,85
5,30,1.8477055,0,85
6,22,2.7622445,0,85
7,18,2.7959344,0,85
8,22,2.6787333,0,85
9,21,2.6874025,0,85
10,28,2.6581929,0,85
11,27,2.219863,0,85
12,32,2.4171612,0,85
13,28,1.7838802,0,85
14,24,1.8760132,0,85
15,22,2.4924376,0,85
16,21,2.7167742,0,85
17,23,2.4134166,0,85
18,9,2.8238184,0,85
1,9,3.8121157,0,86
2,1,3.8429768,0,86
3,31,1.7803423,0,86
4,21,1.6259391,0,86
5,27,1.7907908,0,86
6,14,3.5389564,0,86
7,22,2.4981234,0,86
8,24,2.2227738,0,86
9,42,1.8440648,0,86
10,16,2.940154,0,86
11,26,2.3953671,0,86
12,25,2.428972,0,86
13,24,2.5598004,0,86
14,20,2.8551552,0,86
15,28,2.912943,0,86
16,32,2.5859435,0,86
17,22,2.6795886,0,86
18,31,2.271323,0,86
19,18,3.0139906,0,86
1,25,2.165162,0,87
2,37,0.7595531,0,87
3,22,1.7835422,0,87
4,21,2.6503537,0,87
5,19,1.508604,0,87
6,29,1.8888768,0,87
7,16,2.417006,0,87
8,20,1.7774669,0,87
9,44,1.4035518,0,87
10,41,0.8104847,0,87
11,29,2.000079,0,87
12,27,1.5231103,0,87
13,36,1.3154161,0,87
14,21,2.4216835,0,87
15,31,2.0464013,0,87
16,28,1.8524182,0,87
17,1,8.799702,0,87
1,2,10.435093,0,88
2,2,5.412966,0,88
3,22,3.3673308,0,88
4,24,2.5826805,0,88
5,20,2.8840551,0,88
6,22,2.9900713,0,88
7,24,3.034142,0,88
8,25,3.092562,0,88
9,28,2.910769,0,88
10,6,4.85987,0,88
11,20,1.978813,0,88
12,19,2.8216298,0,88
13,19,3.7056954,0,88
14,28,3.0876555,0,88
15,14,3.2354228,0,88
16,23,3.0919988,0,88
17,24,3.1606903,0,88
18,26,2.688162,0,88
19,24,2.5292242,0,88
20,17,3.228145,0,88
21,7,3.5978796,0,88
22,22,3.0088415,0,88
23,23,3.2444088,0,88
1,17,3.5284753,0,89
2,17,3.4696639,0,89
3,28,1.5267121,0,89
4,18,2.4089828,0,89
5,17,2.3092158,0,89
6,20,2.9566684,0,89
7,24,2.0684211,0,89
8,20,2.1228642,0,89
9,20,3.4171405,0,89
10,31,1.9167128,0,89
11,33,1.940055,0,89
12,21,2.5264437,0,89
13,21,2.5897682,0,89
14,31,1.9118373,0,89
15,26,1.9321254,0,89
16,18,3.1318083,0,89
17,32,1.5326947,0,89
18,8,3.1508904,0,89
1,26,2.1739428,0,90
2,22,1.5456331,0,90
3,25,1.5743897,0,90
4,26,2.5473673,0,90
5,26,2.179458,0,90
6,32,1.9010725,0,90
7,19,2.9635332,0,90
8,28,2.6720004,0,90
9,17,3.0815516,0,90
10,21,2.4668577,0,90
11,17,3.3696795,0,90
12,24,2.5479012,0,90
13,22,2.371202,0,90
14,34,2.2440667,0,90
15,24,2.4760923,0,90
16,16,2.2798269,0,90
17,29,2.130724,0,90
18,1,8.718704,0,90
1,19,2.454747,0,91
2,15,2.8396192,0,91
3,26,2.2347677,0,91
4,19,1.7641275,0,91
5,28,2.8791673,0,91
6,17,4.0719748,0,91
7,23,2.7928329,0,91
8,15,3.2863548,0,91
9,22,3.34895,0,91
10,18,2.4455817,0,91
11,30,2.209058,0,91
12,15,3.2511091,0,91
13,33,2.100835,0,91
14,18,3.8637707,0,91
15,19,3.1826255,0,91
16,25,2.680828,0,91
17,24,2.7231774,0,91
18,18,2.9601038,0,91
19,18,3.4314954,0,91
20,27,2.3664598,0,91
1,11,2.7345674,0,92
2,17,2.4644814,0,92
3,19,1.899206,0,92
4,13,3.5101392,0,92
5,26,1.9835213,0,92
6,15,4.200983,0,92
7,1,5.0491767,0,92
8,13,3.1758792,0,92
9,17,1.8454918,0,92
10,18,2.1810036,0,92
11,19,2.7895014,0,92
12,19,2.8388715,0,92
13,16,2.0346217,0,92
14,10,2.6320767,0,92
15,20,2.4300277,0,92
16,14,2.650808,0,92
17,22,2.2444577,0,92
18,21,3.1572833,0,92
19,29,1.8526889,0,92
20,25,2.16413,0,92
21,14,2.6803005,0,92
22,26,2.3592048,0,92
1,29,2.1924732,0,93
2,18,2.1308732,0,93
3,47,1.4340665,0,93
4,29,1.5048003,0,93
5,16,2.8272092,0,93
6,21,2.6126983,0,93
7,14,2.9971418,0,93
8,16,3.6345913,0,93
9,22,2.8226829,0,93
10,36,1.9709013,0,93
11,22,1.9891362,0,93
12,22,2.5118334,0,93
13,25,1.9794098,0,93
14,22,2.0425992,0,93
15,11,3.1796365,0,93
1,29,2.5426993,0,94
2,25,2.0537353,0,94
3,30,1.738766,0,94
4,22,1.2233225,0,94
5,23,2.032945,0,94
6,18,2.226803,0,94
7,27,2.0464933,0,94
8,20,2.63151,0,94
9,27,1.9733323,0,94
10,14,2.7056165,0,94
11,30,2.6692433,0,94
12,25,2.3496659,0,94
13,34,2.4441042,0,94
14,21,3.1213162,0,94
15,25,2.1353943,0,94
16,33,2.8313138,0,94
17,21,2.7856746,0,94
18,9,4.3758593,0,94
1,14,4.7680674,0,95
2,16,2.8370721,0,95
3,20,3.4622512,0,95
4,12,2.4235303,0,95
5,18,1.9370016,0,95
6,19,2.7652738,0,95
7,17,4.4601994,0,95
8,12,4.0813885,0,95
9,23,3.549663,0,95
10,20,2.8307266,0,95
11,14,3.3119888,0,95
12,19,3.665982,0,95
13,27,2.211154,0,95
14,29,2.8923023,0,95
15,27,2.4501226,0,95
16,29,2.5814595,0,95
17,25,2.4351506,0,95
18,17,2.36019,0,95
19,25,2.9624393,0,95
20,23,2.9157405,0,95
21,6,2.8824084,0,95
22,19,3.2558866,0,95
23,2,9.433554,0,95
1,13,5.334242,0,96
2,24,2.737924,0,96
3,16,3.2563026,0,96
4,28,3.1908536,0,96
5,27,2.2944753,0,96
6,19,2.6392312,0,96
7,29,1.703468,0,96
8,19,3.2363265,0,96
9,18,2.8055682,0,96
10,17,3.310839,0,96
11,25,2.691561,0,96
12,21,1.6752844,0,96
13,20,2.9972863,0,96
14,29,2.2107296,0,96
15,24,2.6777275,0,96
16,33,3.0507588,0,96
17,27,2.410088,0,96
18,12,2.8694458,0,96
1,11,3.4502041,0,97
2,15,2.8273642,0,97
3,20,3.656346,0,97
4,21,3.235766,0,97
5,20,3.2607372,0,97
6,19,2.7598567,0,97
7,10,2.8820026,0,97
8,18,3.2735054,0,97
9,17,4.3483834,0,97
10,30,2.3597026,0,97
11,22,3.2606008,0,97
12,21,2.9800968,0,97
13,25,2.8045242,0,97
14,26,2.3819664,0,97
15,21,2.0269644,0,97
16,33,2.6271608,0,97
17,24,2.4179144,0,97
18,33,2.0395184,0,97
19,31,2.696331,0,97
1,36,1.9569302,0,98
2,33,1.7315848,0,98
3,19,3.8986604,0,98
4,19,3.842222,0,98
5,27,2.6661146,0,98
6,16,2.2737916,0,98
7,24,1.2882243,0,98
8,26,2.660245,0,98
9,31,2.0253236,0,98
10,26,2.7344842,0,98
11,24,2.1182334,0,98
12,30,1.4134024,0,98
13,21,2.6007094,0,98
14,39,1.8985109,0,98
15,20,2.3117332,0,98
16,29,2.9876707,0,98
17,12,3.565828,0,98
1,11,2.041951,0,99
2,14,3.18555,0,99
3,13,2.1159332,0,99
4,16,3.49488,0,99
5,19,2.5524824,0,99
6,9,3.1536605,0,99
7,19,2.431415,0,99
8,17,3.622584,0,99
9,15,3.2809105,0,99
10,20,2.572944,0,99
11,15,3.6179862,0,99
12,17,2.708003,0,99
13,25,2.4825048,0,99
14,17,2.9080691,0,99
15,19,2.5177546,0,99
16,17,2.182426,0,99
17,21,1.6653657,0,99
18,31,2.2003264,0,99
19,18,2.4362748,0,99
20,7,3.5442553,0,99
21,22,2.5261905,0,99
22,28,1.8726722,0,99
23,13,2.8593364,0,99
1,58,1.4412668,0,100
2,22,2.141478,0,100
3,35,1.931298,0,100
4,21,1.8333205,0,100
5,22,2.5010574,0,100
6,32,2.5456562,0,100
7,29,2.4390137,0,100
8,25,3.5872195,0,100
9,24,2.1017315,0,100
10,31,1.8208711,0,100
11,23,2.3431475,0,100
12,23,2.493493,0,100
13,30,2.1605873,0,100
14,38,2.1814435,0,100
15,7,4.4049635,0,100
1,35,1.5426123,0,101
2,28,1.8732476,0,101
3,34,1.7132533,0,101
4,20,2.4863632,0,101
5,24,2.966858,0,101
6,22,2.3835592,0,101
7,28,1.6771914,0,101
8,29,1.9395044,0,101
9,40,1.7336224,0,101
10,46,1.5335231,0,101
11,12,3.8198445,0,101
12,24,2.1541421,0,101
13,15,3.5496194,0,101
14,25,1.9447587,0,101
15,16,3.1999733,0,101
1,1,7.3374333,0,102
2,22,2.5251234,0,102
3,30,1.7856863,0,102
4,30,2.5686946,0,102
5,1,6.2728276,0,102
6,32,1.7056999,0,102
7,24,2.2795296,0,102
8,14,3.0870929,0,102
9,1,7.0264015,0,102
10,20,2.3555288,0,102
11,18,3.2455938,0,102
12,27,2.1396642,0,102
13,24,2.4525774,0,102
14,28,1.9506247,0,102
15,1,7.475412,0,102
16,19,2.8115718,0,102
17,27,2.6709752,0,102
18,22,3.1707373,0,102
19,24,1.882952,0,102
20,1,5.077564,0,102
1,12,2.8384883,0,103
2,16,2.8436255,0,103
3,22,2.7225277,0,103
4,30,3.238167,0,103
5,20,1.7569275,0,103
6,26,2.765363,0,103
7,18,3.9399471,0,103
8,16,3.152334,0,103
9,16,2.9924917,0,103
10,17,3.1965535,0,103
11,22,3.7233438,0,103
12,24,3.096697,0,103
13,25,3.5131829,0,103
14,20,2.534103,0,103
15,22,2.7086966,0,103
16,22,2.0819566,0,103
17,21,2.032883,0,103
18,17,3.174836,0,103
19,24,2.1022413,0,103
20,17,2.8710444,0,103
21,25,2.2573795,0,103
22,20,2.1890903,0,103
1,14,2.9031978,0,104
2,12,3.0034912,0,104
3,23,1.6863523,0,104
4,13,2.5623977,0,104
5,16,3.00443,0,104
6,23,2.3789327,0,104
7,9,3.1536605,0,104
8,20,2.1388903,0,104
9,24,2.1358738,0,104
10,23,2.1337302,0,104
11,27,1.3102005,0,104
12,12,3.5457594,0,104
13,16,2.8950644,0,104
14,46,1.2558728,0,104
15,13,3.474383,0,104
16,17,3.5268981,0,104
17,26,2.0335338,0,104
18,20,2.5401645,0,104
19,7,3.3826551,0,104
20,30,2.2877426,0,104
21,22,2.4039102,0,104
22,11,4.4150968,0,104
1,26,3.0861971,0,105
2,22,1.4168569,0,105
3,29,2.006197,0,105
4,18,2.5412202,0,105
5,17,2.5767548,0,105
6,34,2.0151238,0,105
7,20,2.3603113,0,105
8,26,2.4287927,0,105
9,29,2.097721,0,105
10,20,3.097975,0,105
11,19,2.448847,0,105
12,27,2.0842123,0,105
13,9,3.321035,0,105
14,16,2.750827,0,105
15,18,2.8624957,0,105
16,20,3.380349,0,105
17,7,3.4950523,0,105
18,22,3.063818,0,105
19,24,2.1741214,0,105
20,24,2.2524157,0,105
21,17,3.3382807,0,105
22,10,3.8392968,0,105
1,19,3.5381649,0,106
2,19,1.651062,0,106
3,32,1.4574853,0,106
4,19,2.6461227,0,106
5,23,2.0141459,0,106
6,26,1.7604516,0,106
7,29,1.7498372,0,106
8,6,4.3458743,0,106
9,30,1.949246,0,106
10,23,2.501043,0,106
11,28,1.8273672,0,106
12,8,3.043386,0,106
13,24,2.4724228,0,106
14,25,2.6391468,0,106
15,23,2.6337237,0,106
16,18,2.7810385,0,106
17,14,2.6545424,0,106
18,18,2.8627279,0,106
19,15,3.321512,0,106
20,15,2.9782596,0,106
1,17,2.3641055,0,107
2,64,1.3197311,0,107
3,13,2.699715,0,107
4,30,1.503057,0,107
5,39,0.8310324,0,107
6,102,1.1885433,0,107
7,12,2.8453333,0,107
8,22,1.7974777,0,107
9,20,2.748427,0,107
10,19,2.839776,0,107
11,16,2.3707912,0,107
12,27,2.3721414,0,107
1,17,3.1338806,0,108
2,29,1.3728101,0,108
3,24,2.3344872,0,108
4,28,2.2186973,0,108
5,27,2.6514537,0,108
6,34,2.2017713,0,108
7,14,2.512936,0,108
8,23,2.8288026,0,108
9,26,2.7945251,0,108
10,25,2.6135395,0,108
11,18,3.639976,0,108
12,27,2.3355658,0,108
13,27,2.746801,0,108
14,24,2.4067996,0,108
15,26,2.4846544,0,108
16,23,2.863234,0,108
17,16,3.4805493,0,108
18,38,2.2007475,0,108
1,1,7.6062317,0,109
2,24,1.8373806,0,109
3,20,2.2628026,0,109
4,18,3.0031888,0,109
5,1,6.2728276,0,109
6,30,2.1155698,0,109
7,19,2.7590115,0,109
8,16,2.0871456,0,109
9,25,1.3983268,0,109
10,1,8.520433,0,109
11,22,1.969541,0,109
12,28,1.8704468,0,109
13,19,2.6267862,0,109
14,1,7.475412,0,109
15,17,3.4606445,0,109
16,25,2.9554374,0,109
17,28,2.5573533,0,109
18,20,2.6888235,0,109
19,1,7.7489204,0,109
20,17,3.2238996,0,109
21,24,2.6015391,0,109
22,20,2.5080066,0,109
23,19,2.5352302,0,109
24,1,7.224268,0,109
25,13,4.1195855,0,109
1,18,4.0459447,0,110
2,28,1.1403066,0,110
3,24,2.2385607,0,110
4,31,1.651526,0,110
5,18,1.8093143,0,110
6,38,0.8999481,0,110
7,35,1.2532479,0,110
8,21,3.0651407,0,110
9,23,2.2425103,0,110
10,17,3.3486066,0,110
11,18,3.0032156,0,110
12,24,1.8595415,0,110
13,26,2.319343,0,110
14,25,2.169922,0,110
15,23,2.1177988,0,110
16,27,2.5384953,0,110
17,35,1.9587475,0,110
18,4,6.1263285,0,110
1,22,2.9648771,0,111
2,17,2.5546222,0,111
3,15,2.039417,0,111
4,19,2.3579142,0,111
5,29,2.6703365,0,111
6,9,2.6470437,0,111
7,11,3.3178864,0,111
8,26,2.5106187,0,111
9,22,3.0670602,0,111
10,21,2.1972713,0,111
11,14,2.4631164,0,111
12,30,3.0273485,0,111
13,18,3.805038,0,111
14,30,2.1668477,0,111
15,28,2.9541943,0,111
16,25,2.6772165,0,111
17,7,3.196518,0,111
18,27,2.5812898,0,111
19,22,2.5980775,0,111
20,30,2.6823509,0,111
21,7,3.4928904,0,111
1,19,2.3549502,0,112
2,32,1.9754514,0,112
3,30,2.1820831,0,112
4,21,3.1257775,0,112
5,30,1.7924474,0,112
6,19,2.9916594,0,112
7,44,1.5005407,0,112
8,28,1.9051195,0,112
9,17,2.8552935,0,112
10,44,1.7510663,0,112
11,18,2.8318288,0,112
12,20,3.2120726,0,112
13,22,2.8989086,0,112
14,24,2.0016642,0,112
15,24,2.896913,0,112
16,29,2.4674366,0,112
17,24,2.6238413,0,112
18,14,2.6789048,0,112
1,15,3.005321,0,113
2,24,3.4990222,0,113
3,27,2.7247689,0,113
4,27,2.5220144,0,113
5,16,2.7751553,0,113
6,31,2.03351,0,113
7,20,3.465374,0,113
8,25,2.5456238,0,113
9,24,2.6233964,0,113
10,16,3.4731934,0,113
11,29,3.157545,0,113
12,24,2.646723,0,113
13,15,3.4300652,0,113
14,25,2.855421,0,113
15,28,2.1623535,0,113
16,18,3.2987304,0,113
17,39,2.730249,0,113
18,28,3.7592807,0,113
19,7,3.3270137,0,113
1,10,3.7025137,0,114
2,15,2.7989426,0,114
3,18,2.7348883,0,114
4,18,3.8172257,0,114
5,1,5.0491767,0,114
6,26,2.0652325,0,114
7,16,2.3002162,0,114
8,19,2.9657602,0,114
9,15,2.9643302,0,114
10,12,4.476341,0,114
11,14,3.8900633,0,114
12,18,3.8303318,0,114
13,20,3.1743736,0,114
14,23,3.2650454,0,114
15,22,3.3969376,0,114
16,20,3.5741577,0,114
17,23,2.6782699,0,114
18,28,2.2578425,0,114
19,26,3.2329962,0,114
20,23,3.4649017,0,114
21,20,2.9661236,0,114
22,26,1.8532355,0,114
23,9,2.9787776,0,114
1,47,2.2022831,0,115
2,28,1.7898359,0,115
3,13,2.351142,0,115
4,8,2.383757,0,115
5,8,4.4665265,0,115
6,17,2.2433784,0,115
7,19,2.255794,0,115
8,21,3.7402794,0,115
9,10,2.6709445,0,115
10,23,3.215459,0,115
11,25,2.350482,0,115
12,29,2.4043443,0,115
13,21,2.8222363,0,115
14,32,2.513937,0,115
15,23,2.8282375,0,115
16,21,4.32164,0,115
17,50,2.1295862,0,115
18,15,2.1685183,0,115
19,3,5.6788507,0,115
1,1,7.6062317,0,116
2,31,1.2996736,0,116
3,15,3.1201987,0,116
4,22,3.5351524,0,116
5,1,5.396212,0,116
6,22,2.2974188,0,116
7,18,3.1792283,0,116
8,1,6.2728276,0,116
9,17,1.7803904,0,116
10,4,3.2180896,0,116
11,17,2.4555855,0,116
12,35,1.9161739,0,116
13,1,8.520433,0,116
14,12,3.7082105,0,116
15,28,1.5872186,0,116
16,14,3.0440404,0,116
17,1,7.7489204,0,116
18,24,1.5585347,0,116
19,17,4.0665007,0,116
20,29,2.2042453,0,116
21,1,7.475412,0,116
22,25,1.7729865,0,116
23,26,1.6136999,0,116
24,28,1.8849858,0,116
25,1,7.224268,0,116
26,21,3.2493463,0,116
27,11,4.1133304,0,116
1,24,2.443077,0,117
2,39,1.3724358,0,117
3,27,2.6734266,0,117
4,24,2.1187797,0,117
5,6,6.2275133,0,117
6,27,1.9304639,0,117
7,25,1.960024,0,117
8,11,3.9309635,0,117
9,33,2.8291051,0,117
10,30,3.196104,0,117
11,27,2.8746576,0,117
12,30,2.7284842,0,117
13,23,3.4349809,0,117
14,32,1.938268,0,117
15,30,1.9422444,0,117
16,20,2.375401,0,117
17,3,4.591691,0,117
1,28,3.430508,0,118
2,50,1.7229319,0,118
3,31,2.49868,0,118
4,29,2.7739995,0,118
5,15,3.1865232,0,118
6,23,1.5945438,0,118
7,23,3.1616929,0,118
8,25,2.8360815,0,118
9,21,2.1204839,0,118
10,22,2.9356954,0,118
11,14,3.8490918,0,118
12,33,2.1714404,0,118
13,16,3.1523364,0,118
14,32,2.5764058,0,118
15,27,2.1449142,0,118
16,23,2.7393153,0,118
17,34,2.0806196,0,118
18,18,3.6210515,0,118
1,23,2.6838462,0,119
2,30,1.7391585,0,119
3,15,2.7438774,0,119
4,18,2.54573,0,119
5,24,2.360365,0,119
6,26,2.3803885,0,119
7,34,1.8670614,0,119
8,19,2.609084,0,119
9,22,2.4429266,0,119
10,44,1.8711684,0,119
11,19,2.453459,0,119
12,23,2.714176,0,119
13,24,2.5300407,0,119
14,27,2.937485,0,119
15,33,1.9893686,0,119
16,32,2.010513,0,119
17,14,3.1851387,0,119
1,28,2.5157688,0,120
2,49,1.5783474,0,120
3,21,1.8100137,0,120
4,23,2.0353286,0,120
5,27,2.2813048,0,120
6,17,3.3850362,0,120
7,26,1.5864109,0,120
8,14,3.144047,0,120
9,32,2.3094797,0,120
10,24,2.105887,0,120
11,20,2.930934,0,120
12,15,4.370692,0,120
13,17,3.4811952,0,120
14,13,3.6564488,0,120
15,33,2.4254045,0,120
16,31,2.469305,0,120
1,37,2.1367445,0,121
2,22,1.4104049,0,121
3,25,3.171259,0,121
4,15,3.3202739,0,121
5,19,2.069504,0,121
6,23,2.1991313,0,121
7,28,2.2361872,0,121
8,18,2.3207371,0,121
9,26,2.2263799,0,121
10,24,2.7797108,0,121
11,19,3.3353264,0,121
12,27,2.5288534,0,121
13,13,4.4469957,0,121
14,30,2.8212175,0,121
15,15,3.608337,0,121
16,26,2.5204864,0,121
17,18,2.370968,0,121
18,29,2.638291,0,121
19,23,2.3252954,0,121
1,11,4.607648,0,122
2,20,2.9748788,0,122
3,12,3.1164129,0,122
4,1,5.0491767,0,122
5,15,2.9869573,0,122
6,20,2.708149,0,122
7,18,2.6792486,0,122
8,14,2.838484,0,122
9,18,2.927915,0,122
10,15,4.015665,0,122
11,21,2.558106,0,122
12,22,2.566032,0,122
13,14,2.8900115,0,122
14,22,2.7197597,0,122
15,16,4.151404,0,122
16,24,3.5372593,0,122
17,19,3.101739,0,122
18,13,3.959987,0,122
19,21,2.0982273,0,122
20,22,2.1720805,0,122
21,15,3.9571898,0,122
22,12,2.966983,0,122
23,16,3.5311413,0,122
24,13,3.8916447,0,122
25,28,3.238303,0,122
26,11,3.9958205,0,122
27,13,4.773167,0,122
1,30,1.9636533,0,123
2,24,2.666983,0,123
3,26,2.6431844,0,123
4,23,1.9531238,0,123
5,27,2.054974,0,123
6,18,3.170453,0,123
7,34,1.6323785,0,123
8,33,2.0377815,0,123
9,22,1.9987277,0,123
10,24,2.252277,0,123
11,22,2.6209452,0,123
12,26,2.699617,0,123
13,21,2.2208166,0,123
14,24,2.5818086,0,123
15,19,2.4212613,0,123
16,36,1.9644581,0,123
17,19,2.8506293,0,123
18,16,2.9598742,0,123
19,17,2.370471,0,123
1,40,1.6373682,0,124
2,46,1.554554,0,124
3,13,2.5681112,0,124
4,21,2.6839836,0,124
5,18,2.1401763,0,124
6,162,0.974135,0,124
7,16,2.6449604,0,124
1,31,1.442143,0,125
2,25,2.702307,0,125
3,26,2.6208224,0,125
4,23,2.673022,0,125
5,23,2.5159545,0,125
6,30,1.2177765,0,125
7,22,2.4515224,0,125
8,31,2.2678375,0,125
9,25,1.2174356,0,125
10,24,1.9873093,0,125
11,25,2.713796,0,125
12,20,2.579972,0,125
13,27,2.50978,0,125
14,21,2.7041914,0,125
15,25,2.229332,0,125
16,28,2.3041399,0,125
1,32,1.028811,0,126
2,21,1.4196197,0,126
3,12,2.9247262,0,126
4,23,2.6366308,0,126
5,18,3.080024,0,126
6,18,1.9710621,0,126
7,20,2.4277403,0,126
8,31,2.0881774,0,126
9,20,2.3142104,0,126
10,20,2.522548,0,126
11,30,2.558422,0,126
12,23,2.7861059,0,126
13,19,2.885166,0,126
14,26,1.9908977,0,126
15,27,2.296311,0,126
16,15,2.452706,0,126
17,19,3.2960095,0,126
1,24,2.6547024,0,127
2,26,1.4724375,0,127
3,28,2.1350515,0,127
4,24,1.9728479,0,127
5,14,3.3581657,0,127
6,24,1.455503,0,127
7,24,2.2778661,0,127
8,19,2.5877783,0,127
9,40,2.145156,0,127
10,25,2.4339197,0,127
11,34,2.2588842,0,127
12,24,1.7535541,0,127
13,16,3.1030693,0,127
14,21,2.6439583,0,127
15,20,2.8925087,0,127
16,19,2.906157,0,127
17,7,3.5655634,0,127
18,23,2.760561,0,127
19,23,1.9580649,0,127
20,20,2.8575149,0,127
21,15,3.3832693,0,127
1,1,7.1001806,0,128
2,26,2.1854134,0,128
3,17,3.1224248,0,128
4,25,2.9233649,0,128
5,1,6.2728276,0,128
6,15,3.2269278,0,128
7,22,1.7917091,0,128
8,21,1.9764423,0,128
9,24,2.1435573,0,128
10,10,4.108372,0,128
11,1,7.0264015,0,128
12,26,2.9677296,0,128
13,11,4.57158,0,128
14,28,2.107253,0,128
15,14,3.0497277,0,128
16,1,7.475412,0,128
17,32,2.7322667,0,128
18,17,3.6537874,0,128
19,25,2.3856194,0,128
20,28,2.4115279,0,128
21,1,7.224268,0,128
22,22,3.3464367,0,128
23,30,2.3876789,0,128
24,5,4.0210447,0,128
1,19,2.5466478,0,129
2,32,2.6426485,0,129
3,27,2.327085,0,129
4,14,4.8079734,0,129
5,18,2.789922,0,129
6,22,2.3730953,0,129
7,16,3.0497832,0,129
8,20,2.7484171,0,129
9,25,2.0461993,0,129
10,12,3.8489044,0,129
11,18,2.7677574,0,129
12,20,3.2660236,0,129
13,18,2.5910177,0,129
14,18,2.5025358,0,129
15,17,3.4273937,0,129
16,20,3.1170206,0,129
17,42,2.1830766,0,129
1,31,3.0997036,0,130
2,33,3.0708246,0,130
3,26,3.3541496,0,130
4,20,2.4346201,0,130
5,26,2.8486485,0,130
6,22,3.3694715,0,130
7,17,3.5383806,0,130
8,24,2.3799133,0,130
9,24,3.282723,0,130
10,34,2.4859424,0,130
11,28,2.471784,0,130
12,28,2.9783201,0,130
13,28,3.2286038,0,130
14,18,3.3349476,0,130
15,7,2.9643342,0,130
16,31,2.007764,0,130
17,32,2.2261465,0,130
18,27,3.6142533,0,130
19,6,4.564038,0,130
1,34,2.2396612,0,131
2,35,2.154466,0,131
3,24,1.8681839,0,131
4,20,3.6122863,0,131
5,21,2.1813304,0,131
6,18,3.275213,0,131
7,24,2.368581,0,131
8,15,2.66145,0,131
9,21,2.6100857,0,131
10,23,3.134689,0,131
11,21,2.0841105,0,131
12,22,3.10693,0,131
13,21,3.2289345,0,131
14,19,2.5667303,0,131
15,20,1.6998553,0,131
16,30,1.6582397,0,131
17,27,2.5977738,0,131
18,23,2.8211055,0,131
1,50,1.7263404,0,132
2,31,1.9304202,0,132
3,27,2.2723043,0,132
4,13,2.5562255,0,132
5,25,2.1586413,0,132
6,19,2.7701416,0,132
7,18,3.160879,0,132
8,40,1.8476253,0,132
9,44,1.9099663,0,132
10,26,1.6768551,0,132
11,14,3.5504177,0,132
12,11,3.684205,0,132
13,31,2.8480077,0,132
14,14,3.8198807,0,132
15,26,2.6610425,0,132
16,7,3.5442553,0,132
17,15,3.8482022,0,132
1,26,2.0893543,0,133
2,35,1.983509,0,133
3,9,3.1010902,0,133
4,17,2.772562,0,133
5,16,2.6250813,0,133
6,26,2.393965,0,133
7,24,2.7738585,0,133
8,21,2.3169744,0,133
9,20,2.3240488,0,133
10,6,2.5724154,0,133
11,22,2.5957003,0,133
12,18,2.4891229,0,133
13,16,2.7534032,0,133
14,28,2.0724566,0,133
15,25,1.7721834,0,133
16,35,1.9533508,0,133
17,18,2.6727254,0,133
18,26,2.5743458,0,133
1,36,1.7101295,0,134
2,56,1.2740909,0,134
3,14,3.4656553,0,134
4,14,3.9930084,0,134
5,13,2.7988179,0,134
6,53,2.0609329,0,134
7,23,3.5267935,0,134
8,27,2.6725292,0,134
9,22,2.5721579,0,134
10,23,2.9857178,0,134
11,16,4.46507,0,134
12,8,3.9615407,0,134
13,28,2.3074946,0,134
14,25,1.9971586,0,134
15,18,2.9266746,0,134
16,18,2.5578663,0,134
17,27,2.9756632,0,134
1,11,5.55001,0,135
2,13,3.414581,0,135
3,1,7.218359,0,135
4,6,3.6848426,0,135
5,15,3.208972,0,135
6,1,5.962399,0,135
7,7,4.8664126,0,135
8,1,6.2981353,0,135
9,13,3.300702,0,135
10,6,5.2538047,0,135
11,1,5.90767,0,135
12,15,3.4706135,0,135
13,12,3.6239164,0,135
14,4,6.897606,0,135
15,4,6.464824,0,135
16,10,4.2163577,0,135
17,1,6.129672,0,135
18,6,5.1365237,0,135
19,1,6.7114153,0,135
20,6,5.9306116,0,135
21,10,4.051472,0,135
22,7,4.9217563,0,135
23,6,6.135012,0,135
24,13,3.4698408,0,135
25,7,5.108771,0,135
26,1,6.5314555,0,135
27,6,5.010015,0,135
28,12,3.8168797,0,135
29,6,5.6702957,0,135
30,1,6.9115877,0,135
31,10,3.7086067,0,135
32,15,3.6347814,0,135
33,1,6.129717,0,135
34,10,4.109108,0,135
35,1,6.801074,0,135
36,9,3.37529,0,135
37,15,3.640548,0,135
38,1,6.177352,0,135
39,4,6.9737387,0,135
40,7,5.598821,0,135
41,13,4.3532066,0,135
42,1,6.0854897,0,135
43,9,4.95435,0,135
44,5,6.546665,0,135
45,22,3.4924438,0,135
46,4,6.285682,0,135
47,22,3.2139006,0,135
1,15,3.7782316,0,136
2,20,3.1496418,0,136
3,15,3.3451753,0,136
4,14,2.5951755,0,136
5,16,2.6878078,0,136
6,21,3.295028,0,136
7,24,2.5490646,0,136
8,24,2.651531,0,136
9,17,2.8749053,0,136
10,19,3.1677196,0,136
11,24,2.9261668,0,136
12,22,2.9418173,0,136
13,19,3.3398032,0,136
14,31,3.4129562,0,136
15,31,2.8986027,0,136
16,19,2.0601287,0,136
17,21,3.3203547,0,136
18,27,2.2267842,0,136
19,7,3.5442553,0,136
20,19,2.8523974,0,136
21,14,2.9420228,0,136
22,23,2.727341,0,136
1,27,2.7265549,0,137
2,18,3.5605254,0,137
3,20,4.104527,0,137
4,20,2.7702866,0,137
5,12,2.349199,0,137
6,19,2.21644,0,137
7,11,2.714245,0,137
8,16,2.2267892,0,137
9,12,3.9859073,0,137
10,22,2.075493,0,137
11,18,4.2805943,0,137
12,21,2.742848,0,137
13,21,2.4314487,0,137
14,29,2.2856166,0,137
15,23,4.5632815,0,137
16,18,2.693053,0,137
17,30,2.8687255,0,137
18,20,3.5204248,0,137
19,29,3.4231796,0,137
20,14,3.5847716,0,137
21,8,3.655297,0,137
1,1,7.6062317,0,138
2,19,2.538074,0,138
3,31,2.0691962,0,138
4,14,1.8589022,0,138
5,2,6.9459815,0,138
6,23,3.1865592,0,138
7,20,3.8238897,0,138
8,1,6.2728276,0,138
9,14,2.4999096,0,138
10,17,3.587179,0,138
11,15,2.953328,0,138
12,22,3.1292925,0,138
13,17,3.1370122,0,138
14,1,7.0264015,0,138
15,20,3.6180258,0,138
16,21,2.5344748,0,138
17,23,3.130409,0,138
18,1,7.475412,0,138
19,7,3.090202,0,138
20,21,3.2556136,0,138
21,16,2.482517,0,138
22,22,3.571756,0,138
23,1,7.224268,0,138
24,12,3.928767,0,138
25,26,3.2443156,0,138
26,19,3.172186,0,138
27,1,6.391704,0,138
28,19,2.1317337,0,138
29,4,6.29544,0,138
1,47,0.8640536,0,139
2,23,2.1975107,0,139
3,65,1.2363784,0,139
4,29,2.1743684,0,139
5,37,1.3620474,0,139
6,45,1.3929709,0,139
7,22,1.5792798,0,139
8,29,2.151818,0,139
9,1,7.992934,0,139
1,13,3.5555208,0,140
2,23,1.9610959,0,140
3,37,1.6479505,0,140
4,19,2.2955804,0,140
5,22,2.4844503,0,140
6,26,2.0114846,0,140
7,24,2.3085496,0,140
8,26,2.0618281,0,140
9,16,2.4976566,0,140
10,21,2.6491323,0,140
11,27,1.9781171,0,140
12,25,2.2962766,0,140
13,20,2.8789384,0,140
14,23,1.9973247,0,140
15,16,2.2300537,0,140
16,29,2.1315598,0,140
17,19,2.5314684,0,140
18,22,2.9145858,0,140
19,13,2.606852,0,140
1,19,2.5312858,0,141
2,21,2.3115764,0,141
3,26,2.2237027,0,141
4,25,2.379486,0,141
5,17,2.0671217,0,141
6,25,2.6869402,0,141
7,28,1.8279452,0,141
8,23,2.263729,0,141
9,18,2.8178346,0,141
10,26,2.2344353,0,141
11,30,2.0379076,0,141
12,27,2.4847164,0,141
13,24,2.4446483,0,141
14,18,2.8238528,0,141
15,26,2.1898844,0,141
16,19,2.7962267,0,141
17,29,2.3249617,0,141
18,8,3.8652961,0,141
1,13,3.6533043,0,142
2,20,1.9187225,0,142
3,33,1.4655888,0,142
4,30,1.6196464,0,142
5,25,2.06519,0,142
6,38,2.0020769,0,142
7,24,1.8521137,0,142
8,5,4.363458,0,142
9,44,1.4630508,0,142
10,29,1.8537841,0,142
11,32,2.2789197,0,142
12,20,3.3925703,0,142
13,31,2.0720308,0,142
14,14,3.7761364,0,142
15,6,4.6440635,0,142
16,24,2.4808564,0,142
17,23,2.582887,0,142
18,19,2.366855,0,142
19,10,3.3383532,0,142
1,22,3.5403712,0,143
2,36,1.6579931,0,143
3,21,2.1942604,0,143
4,18,2.8822167,0,143
5,19,2.0727143,0,143
6,20,3.042235,0,143
7,24,2.7001503,0,143
8,25,2.2740467,0,143
9,20,2.3348534,0,143
10,33,2.3597221,0,143
11,13,3.340023,0,143
12,30,1.9326227,0,143
13,28,2.183088,0,143
14,24,2.595085,0,143
15,28,2.0343497,0,143
16,28,1.9490595,0,143
17,25,2.3816867,0,143
18,28,2.5240514,0,143
19,3,4.53438,0,143
1,26,2.4292543,0,144
2,47,0.9643915,0,144
3,25,3.0536005,0,144
4,34,1.4862188,0,144
5,20,2.505688,0,144
6,30,1.9189458,0,144
7,26,1.8192424,0,144
8,20,2.8598464,0,144
9,28,2.5472674,0,144
10,26,2.0428538,0,144
11,23,2.5119803,0,144
12,21,2.2009296,0,144
13,37,1.376735,0,144
14,16,3.0318384,0,144
1,22,1.4841878,0,145
2,43,1.8954564,0,145
3,35,0.96893406,0,145
4,48,1.1751794,0,145
5,13,2.5649269,0,145
6,62,1.8432883,0,145
7,15,3.9501271,0,145
8,7,4.0037766,0,145
1,40,1.6512975,0,146
2,46,1.6137415,0,146
3,55,1.4121007,0,146
4,27,2.239512,0,146
5,32,2.0977776,0,146
6,28,2.1853857,0,146
7,30,2.2479038,0,146
8,27,1.9663312,0,146
9,73,1.447691,0,146
10,25,2.4489436,0,146
11,9,3.3707058,0,146
12,3,8.693746,0,146
1,19,3.477442,0,147
2,20,2.2055416,0,147
3,23,2.5387564,0,147
4,16,2.8080463,0,147
5,12,2.5648713,0,147
6,22,2.4630177,0,147
7,25,2.8421936,0,147
8,17,3.4038608,0,147
9,23,2.0488927,0,147
10,19,2.7127244,0,147
11,19,2.8097725,0,147
12,20,2.63453,0,147
13,23,2.9069495,0,147
14,28,2.3302052,0,147
15,15,2.4534397,0,147
16,26,2.4553688,0,147
17,15,3.6088457,0,147
18,19,2.770504,0,147
19,18,2.7237358,0,147
20,26,2.0472858,0,147
21,24,1.9455456,0,147
1,24,2.5285947,0,148
2,19,3.0244308,0,148
3,30,2.909826,0,148
4,14,3.033897,0,148
5,30,1.94504,0,148
6,37,1.5124028,0,148
7,27,2.165399,0,148
8,26,2.981691,0,148
9,28,2.360912,0,148
10,24,2.5831397,0,148
11,40,2.0175114,0,148
12,29,2.3865721,0,148
13,15,2.7206435,0,148
14,19,2.677913,0,148
15,34,2.038168,0,148
16,28,4.3678474,0,148
17,11,3.9064682,0,148
1,27,2.2598875,0,149
2,29,1.4426334,0,149
3,37,2.3262591,0,149
4,36,1.9028889,0,149
5,17,3.1780424,0,149
6,30,2.3152378,0,149
7,28,2.1847787,0,149
8,33,2.1513886,0,149
9,24,2.0278473,0,149
10,24,2.3708646,0,149
11,30,2.250896,0,149
12,15,3.1979482,0,149
13,30,2.8908138,0,149
14,28,1.964521,0,149
15,24,2.055283,0,149
16,15,2.5877724,0,149
1,21,2.6704934,0,150
2,20,2.5633907,0,150
3,35,1.7872674,0,150
4,13,2.6289957,0,150
5,17,2.4639907,0,150
6,23,2.4760075,0,150
7,25,2.1949334,0,150
8,14,3.1849532,0,150
9,19,2.8389068,0,150
10,16,3.2806985,0,150
11,28,2.3150039,0,150
12,21,2.4898274,0,150
13,16,2.5209582,0,150
14,16,3.2818377,0,150
15,21,2.5143185,0,150
16,24,2.431242,0,150
17,22,2.4737434,0,150
18,28,2.4849415,0,150
19,29,1.990099,0,150
20,22,2.3393652,0,150
21,8,3.9568172,0,150
1,24,3.2049775,0,151
2,23,1.8892101,0,151
3,30,2.7060986,0,151
4,14,3.1068728,0,151
5,16,4.0479627,0,151
6,27,2.7165785,0,151
7,26,2.4854598,0,151
8,33,3.0179536,0,151
9,18,3.395161,0,151
10,27,2.759776,0,151
11,31,3.0281289,0,151
12,35,2.6077774,0,151
13,15,2.6131613,0,151
14,23,3.3246703,0,151
15,24,2.663556,0,151
16,27,2.023134,0,151
17,21,2.405323,0,151
18,24,2.1780481,0,151
19,24,2.4404876,0,151
20,1,9.946463,0,151
1,15,3.5845172,0,152
2,27,1.7376983,0,152
3,18,2.4429739,0,152
4,25,2.1712492,0,152
5,19,2.054399,0,152
6,26,2.1054509,0,152
7,35,1.8291203,0,152
8,24,2.4856946,0,152
9,19,2.4952652,0,152
10,31,2.179656,0,152
11,17,2.275744,0,152
12,27,1.6843884,0,152
13,28,1.8887429,0,152
14,35,1.7110331,0,152
15,35,1.6820099,0,152
16,33,1.7189687,0,152
17,18,2.0294936,0,152
1,23,2.31736,0,153
2,69,1.4536557,0,153
3,13,2.827341,0,153
4,29,2.2552989,0,153
5,30,2.3845203,0,153
6,19,2.846926,0,153
7,58,1.8253784,0,153
8,29,2.7251635,0,153
9,24,2.8974833,0,153
10,27,2.5876665,0,153
11,30,2.6266716,0,153
12,22,2.0612073,0,153
13,32,2.3740306,0,153
14,23,2.3168852,0,153
1,24,2.5981598,0,154
2,35,1.6686064,0,154
3,28,2.6322322,0,154
4,29,1.5561521,0,154
5,13,2.6963992,0,154
6,28,2.0894086,0,154
7,30,2.6481214,0,154
8,18,3.3345745,0,154
9,31,2.4616482,0,154
10,18,2.762407,0,154
11,23,2.2706442,0,154
12,28,2.278113,0,154
13,31,2.2399209,0,154
14,39,2.2928278,0,154
15,21,3.2419162,0,154
16,19,3.2622788,0,154
17,7,3.3118572,0,154
18,26,2.7653103,0,154
19,4,3.4459834,0,154
1,82,1.1486175,0,155
2,22,2.1200793,0,155
3,20,2.657684,0,155
4,49,1.5802693,0,155
5,46,1.5225791,0,155
6,17,2.2827113,0,155
7,49,1.7219833,0,155
8,21,2.3472633,0,155
9,20,2.7821727,0,155
1,14,4.7100067,0,156
2,8,4.025258,0,156
3,18,2.8906565,0,156
4,25,3.3821366,0,156
5,1,5.0491767,0,156
6,9,3.092159,0,156
7,16,3.7307565,0,156
8,18,4.4859867,0,156
9,22,3.141937,0,156
10,21,3.2394433,0,156
11,22,3.5803099,0,156
12,19,3.2860327,0,156
13,23,3.6518874,0,156
14,8,3.05927,0,156
15,26,3.210944,0,156
16,27,2.8791878,0,156
17,1,5.7916517,0,156
18,25,3.6707177,0,156
19,26,3.0433953,0,156
20,26,2.9608817,0,156
21,22,3.2719464,0,156
22,21,3.077097,0,156
23,25,3.096349,0,156
24,16,3.6921558,0,156
1,54,1.7752309,0,157
2,33,1.3716528,0,157
3,18,2.7125876,0,157
4,13,2.5047734,0,157
5,26,1.6987203,0,157
6,21,2.3918858,0,157
7,23,2.6152484,0,157
8,19,3.1494572,0,157
9,18,2.6512258,0,157
10,15,2.821369,0,157
11,37,2.0065665,0,157
12,20,3.045149,0,157
13,15,3.0607357,0,157
14,22,2.4552402,0,157
15,20,2.7322104,0,157
16,32,2.2423606,0,157
17,22,2.304059,0,157
1,24,2.8372777,0,158
2,32,2.5141222,0,158
3,23,2.155621,0,158
4,28,3.332973,0,158
5,16,3.8257947,0,158
6,26,2.5134459,0,158
7,21,2.9237647,0,158
8,23,2.8917868,0,158
9,23,2.6150231,0,158
10,24,3.5900068,0,158
11,17,3.913272,0,158
12,24,2.96526,0,158
13,24,2.162044,0,158
14,24,1.5608245,0,158
15,34,2.4612987,0,158
16,17,3.7724624,0,158
17,28,2.6858542,0,158
18,25,3.1201818,0,158
19,21,3.2826226,0,158
1,63,1.436737,0,159
2,17,2.2847753,0,159
3,22,2.4056225,0,159
4,26,2.2737536,0,159
5,15,1.8860711,0,159
6,30,2.864485,0,159
7,17,3.177743,0,159
8,27,2.6450505,0,159
9,29,2.3287315,0,159
10,27,2.6440825,0,159
11,26,2.1781442,0,159
12,22,3.0404022,0,159
13,29,1.9977949,0,159
14,26,2.380993,0,159
15,1,8.718704,0,159
1,31,3.1512244,0,160
2,29,2.0550532,0,160
3,21,2.1012022,0,160
4,16,2.6169012,0,160
5,18,3.2629712,0,160
6,20,2.1574147,0,160
7,18,1.8364472,0,160
8,24,2.192624,0,160
9,12,3.4921465,0,160
10,20,2.746012,0,160
11,20,2.5738325,0,160
12,37,2.0703728,0,160
13,30,2.5408292,0,160
14,24,2.2754607,0,160
15,15,2.7983887,0,160
16,28,2.3762789,0,160
17,28,2.3049488,0,160
18,23,3.5471175,0,160
19,14,4.2647023,0,160
1,10,3.3509667,0,161
2,7,4.5714555,0,161
3,5,6.0214715,0,161
4,34,2.6803274,0,161
5,16,2.9344773,0,161
6,13,2.5256124,0,161
7,19,2.4245641,0,161
8,16,4.190863,0,161
9,24,3.0409896,0,161
10,13,3.7377841,0,161
11,30,2.721587,0,161
12,15,2.9080582,0,161
13,18,2.9964929,0,161
14,33,2.5679486,0,161
15,24,3.0192845,0,161
16,26,3.0709093,0,161
17,28,3.7411,0,161
18,30,3.0108008,0,161
19,25,1.8861469,0,161
1,22,2.5418546,0,162
2,16,4.069234,0,162
3,21,3.0166519,0,162
4,43,2.3474104,0,162
5,21,2.3343234,0,162
6,23,3.3697512,0,162
7,23,3.0838735,0,162
8,13,2.5227354,0,162
9,27,2.9989893,0,162
10,15,2.653682,0,162
11,35,2.4168947,0,162
12,30,2.5042956,0,162
13,21,2.6567314,0,162
14,23,3.4297285,0,162
15,20,2.3648748,0,162
16,22,3.29997,0,162
17,26,3.8820422,0,162
18,31,2.2711334,0,162
19,13,2.1459332,0,162
1,25,2.0201194,0,163
2,18,2.8233075,0,163
3,28,1.943297,0,163
4,22,2.1546402,0,163
5,22,2.6422052,0,163
6,28,2.618755,0,163
7,22,2.8499877,0,163
8,25,2.387573,0,163
9,21,2.0562322,0,163
10,23,2.1811118,0,163
11,23,2.2705894,0,163
12,21,1.9845173,0,163
13,21,2.7269628,0,163
14,36,2.0775864,0,163
15,26,2.2008085,0,163
16,22,2.1893938,0,163
17,26,2.639333,0,163
18,24,2.5108218,0,163
19,20,2.444846,0,163
1,21,2.7105436,0,164
2,33,1.8163986,0,164
3,25,2.1419895,0,164
4,29,2.0284019,0,164
5,25,1.8838143,0,164
6,21,3.0994744,0,164
7,17,3.4483604,0,164
8,24,2.1609864,0,164
9,25,2.1826339,0,164
10,29,2.693216,0,164
11,23,1.9228823,0,164
12,30,2.4302113,0,164
13,15,3.2260745,0,164
14,25,2.295176,0,164
15,21,2.607185,0,164
16,30,1.7490833,0,164
17,29,1.913363,0,164
18,4,4.6174827,0,164
1,30,1.6160032,0,165
2,22,1.926641,0,165
3,22,2.2510452,0,165
4,17,3.1690948,0,165
5,31,2.654539,0,165
6,23,3.358189,0,165
7,41,1.8747666,0,165
8,36,2.3291585,0,165
9,12,3.4018576,0,165
10,15,3.5573823,0,165
11,42,1.5586965,0,165
12,20,2.229952,0,165
13,22,2.396572,0,165
14,21,2.0867553,0,165
15,24,2.7156897,0,165
16,31,2.2557528,0,165
17,11,2.5246139,0,165
18,9,3.5138774,0,165
1,32,2.568806,0,166
2,28,1.9332851,0,166
3,25,1.935346,0,166
4,28,2.5390713,0,166
5,30,2.940455,0,166
6,45,2.3650289,0,166
7,25,3.2709513,0,166
8,30,2.5899794,0,166
9,22,2.3919456,0,166
10,21,3.1358497,0,166
11,19,2.5688083,0,166
12,32,2.5893753,0,166
13,28,2.965229,0,166
14,27,3.608336,0,166
15,28,2.2416637,0,166
16,34,2.130494,0,166
1,14,2.6929944,0,167
2,17,3.3416257,0,167
3,14,2.0020492,0,167
4,29,1.359762,0,167
5,17,2.4478672,0,167
6,14,2.8247151,0,167
7,36,2.3543491,0,167
8,22,2.5646956,0,167
9,20,1.5172596,0,167
10,24,2.735788,0,167
11,16,4.2948856,0,167
12,41,1.8492523,0,167
13,18,2.620376,0,167
14,20,2.0800722,0,167
15,22,2.2787356,0,167
16,16,3.7021759,0,167
17,7,2.872827,0,167
18,21,2.5048182,0,167
19,28,2.6899717,0,167
20,19,3.3751767,0,167
21,18,2.4541843,0,167
22,10,4.259674,0,167
1,31,2.1338491,0,168
2,18,3.932876,0,168
3,30,2.589141,0,168
4,13,3.9924676,0,168
5,19,1.2116258,0,168
6,28,3.2326546,0,168
7,24,3.749308,0,168
8,19,3.0386844,0,168
9,19,4.0521545,0,168
10,30,3.338632,0,168
11,23,2.6460526,0,168
12,27,3.4999123,0,168
13,27,2.5505724,0,168
14,28,2.7997286,0,168
15,21,3.584488,0,168
16,23,3.700512,0,168
17,27,3.4143414,0,168
18,16,2.5038362,0,168
19,14,4.776572,0,168
1,21,2.9794886,0,169
2,7,5.185087,0,169
3,5,5.05051,0,169
4,5,5.3354287,0,169
5,33,1.1168833,0,169
6,20,2.6429245,0,169
7,24,2.849612,0,169
8,17,3.1274586,0,169
9,25,2.56787,0,169
10,18,2.3748727,0,169
11,35,1.7586533,0,169
12,28,3.4420278,0,169
13,23,3.2996495,0,169
14,34,2.2431118,0,169
15,21,3.3757858,0,169
16,21,2.5437825,0,169
17,14,4.20568,0,169
18,28,2.228232,0,169
19,26,2.4877293,0,169
1,45,1.3168709,0,170
2,21,2.710624,0,170
3,33,1.7709543,0,170
4,46,1.5395674,0,170
5,60,0.94060224,0,170
6,31,1.7664841,0,170
7,12,2.0996537,0,170
8,18,2.1766367,0,170
9,24,1.8941789,0,170
10,22,2.7127323,0,170
11,30,1.5899972,0,170
12,23,2.1623003,0,170
13,17,2.7324963,0,170
1,20,1.4911786,0,171
2,26,1.7256738,0,171
3,7,1.7609447,0,171
4,86,1.1892141,0,171
5,26,2.0718427,0,171
6,73,1.864857,0,171
7,25,2.9113123,0,171
8,17,2.2794588,0,171
9,23,2.1040733,0,171
1,26,2.7294698,0,172
2,26,2.3886628,0,172
3,27,2.2084465,0,172
4,29,3.4748547,0,172
5,17,1.8572956,0,172
6,24,2.7757957,0,172
7,20,2.9051163,0,172
8,19,4.0788713,0,172
9,33,2.4453504,0,172
10,22,2.4230382,0,172
11,27,3.16786,0,172
12,26,2.4891474,0,172
13,36,1.96771,0,172
14,16,3.0590396,0,172
15,29,2.8550556,0,172
16,29,2.3991501,0,172
17,14,2.1562629,0,172
1,31,2.3567073,0,173
2,34,3.1331751,0,173
3,25,2.4171383,0,173
4,24,3.153491,0,173
5,17,2.4076009,0,173
6,18,2.72721,0,173
7,26,2.1397393,0,173
8,24,2.3639193,0,173
9,26,1.9672971,0,173
10,31,2.2802138,0,173
11,25,2.6481144,0,173
12,21,3.390331,0,173
13,26,2.407112,0,173
14,22,2.8905683,0,173
15,26,1.7547259,0,173
16,27,1.9527448,0,173
17,21,3.5131261,0,173
1,20,2.3739507,0,174
2,24,2.6435554,0,174
3,28,2.3068223,0,174
4,13,2.5256124,0,174
5,19,2.4889572,0,174
6,32,2.9531229,0,174
7,18,2.6107044,0,174
8,16,2.866922,0,174
9,32,2.2613795,0,174
10,25,2.7156153,0,174
11,8,3.043386,0,174
12,29,2.186806,0,174
13,22,2.345949,0,174
14,26,2.0058963,0,174
15,23,2.6183093,0,174
16,25,2.108722,0,174
17,26,1.9709011,0,174
18,25,1.8039509,0,174
19,22,2.2463639,0,174
1,26,3.2949197,0,175
2,21,2.0489857,0,175
3,23,2.403148,0,175
4,22,2.980951,0,175
5,22,2.5232317,0,175
6,30,2.1887088,0,175
7,26,2.5127277,0,175
8,28,1.9291332,0,175
9,28,2.4942334,0,175
10,30,2.0149918,0,175
11,23,2.7472534,0,175
12,25,2.4489946,0,175
13,40,1.4654895,0,175
14,19,2.8094285,0,175
15,29,2.2938192,0,175
16,36,1.8984052,0,175
17,20,2.0703473,0,175
1,32,1.5384456,0,176
2,22,2.1496508,0,176
3,22,2.286331,0,176
4,10,3.702574,0,176
5,18,3.0253692,0,176
6,18,2.7748125,0,176
7,25,2.5307977,0,176
8,17,2.9931836,0,176
9,25,2.3960557,0,176
10,24,2.2023227,0,176
11,15,3.0232017,0,176
12,12,3.0858104,0,176
13,20,2.5379179,0,176
14,22,2.9945567,0,176
15,34,2.1398432,0,176
16,20,1.9002837,0,176
17,20,2.148013,0,176
18,28,2.456899,0,176
19,22,2.585399,0,176
20,19,2.3567653,0,176
21,27,2.5383682,0,176
1,22,3.1544008,0,177
2,35,2.2666636,0,177
3,33,1.9481564,0,177
4,24,1.2171639,0,177
5,28,2.3004298,0,177
6,20,3.0751774,0,177
7,25,2.3816001,0,177
8,31,2.0551748,0,177
9,27,2.7288713,0,177
10,30,2.8791912,0,177
11,26,2.275907,0,177
12,19,1.6611259,0,177
13,29,2.4516058,0,177
14,37,2.424369,0,177
15,38,2.1876578,0,177
16,4,4.7895637,0,177
1,37,2.379039,0,178
2,34,1.6926982,0,178
3,21,1.9567789,0,178
4,30,1.8741655,0,178
5,20,3.2504997,0,178
6,40,2.083724,0,178
7,46,1.7775308,0,178
8,35,2.4794824,0,178
9,35,2.3399086,0,178
10,13,3.0108514,0,178
11,35,3.010915,0,178
12,32,2.1588683,0,178
1,26,1.7180334,0,179
2,10,2.7470353,0,179
3,28,1.6353419,0,179
4,7,3.5327082,0,179
5,18,1.1154383,0,179
6,20,1.6302286,0,179
7,18,1.2760433,0,179
8,19,3.2794008,0,179
9,27,2.64924,0,179
10,14,3.2138286,0,179
11,26,1.5067046,0,179
12,16,3.0380144,0,179
13,23,2.2758102,0,179
14,28,1.9802293,0,179
15,29,2.1995938,0,179
16,25,2.1659431,0,179
17,29,1.7128179,0,179
1,22,3.0852063,0,180
2,27,1.944294,0,180
3,20,2.388768,0,180
4,22,3.0986216,0,180
5,27,2.0512016,0,180
6,38,2.502303,0,180
7,16,3.0047245,0,180
8,32,2.3554327,0,180
9,23,2.5280623,0,180
10,29,1.7851387,0,180
11,17,3.2004056,0,180
12,28,2.540809,0,180
13,18,2.2738652,0,180
14,34,2.5070007,0,180
15,22,2.8126478,0,180
16,20,2.2539165,0,180
17,26,3.3252642,0,180
18,25,2.7315433,0,180
19,9,4.0877986,0,180
1,30,3.1564782,0,181
2,38,1.3358899,0,181
3,28,1.5781724,0,181
4,12,2.5426493,0,181
5,15,2.604312,0,181
6,21,1.6855333,0,181
7,32,1.4718804,0,181
8,27,1.8746252,0,181
9,28,2.2732742,0,181
10,24,2.1485295,0,181
11,34,1.7998555,0,181
12,24,2.1486416,0,181
13,13,2.436581,0,181
14,23,2.0311716,0,181
15,19,2.5067568,0,181
16,23,2.4161367,0,181
1,10,3.1120129,0,182
2,47,1.8452406,0,182
3,36,1.2724285,0,182
4,28,1.8027658,0,182
5,24,2.0226963,0,182
6,27,2.0236278,0,182
7,22,2.372548,0,182
8,34,2.1477094,0,182
9,18,2.7498844,0,182
10,26,2.0605128,0,182
11,35,2.0148616,0,182
12,23,2.0099638,0,182
13,44,1.8866829,0,182
14,26,1.9904704,0,182
15,38,1.9652351,0,182
16,6,4.4003096,0,182
1,20,3.0285068,0,183
2,10,2.818116,0,183
3,22,2.0666158,0,183
4,20,2.4285123,0,183
5,17,0.7731012,0,183
6,24,2.5598955,0,183
7,20,2.3534853,0,183
8,18,2.9281359,0,183
9,22,2.0950944,0,183
10,20,2.9872687,0,183
11,23,2.579176,0,183
12,16,3.4154162,0,183
13,25,3.043123,0,183
14,20,2.7573452,0,183
15,22,2.5980973,0,183
16,26,1.8685328,0,183
17,18,2.3051357,0,183
18,22,2.6399102,0,183
19,21,2.4382496,0,183
20,10,3.7860847,0,183
1,39,0.86137897,0,184
2,64,1.1458845,0,184
3,22,1.9174402,0,184
4,29,1.8869065,0,184
5,37,1.0603766,0,184
6,9,2.9731886,0,184
7,26,2.3877623,0,184
8,26,1.7377111,0,184
9,10,3.0943098,0,184
10,43,1.1785834,0,184
11,10,2.88801,0,184
1,20,3.4683836,0,185
2,42,1.814869,0,185
3,24,2.214832,0,185
4,26,2.7476656,0,185
5,22,2.1989672,0,185
6,26,2.4402323,0,185
7,17,2.6451783,0,185
8,30,2.276164,0,185
9,42,2.060099,0,185
10,30,1.9932761,0,185
11,31,2.766919,0,185
12,29,2.6393926,0,185
13,20,2.4031537,0,185
14,24,2.5512698,0,185
15,21,2.8922617,0,185
16,21,2.470397,0,185
17,31,1.938214,0,185
18,16,3.902362,0,185
1,22,1.0584443,0,186
2,55,0.8781876,0,186
3,55,1.6371261,0,186
4,16,2.7522223,0,186
5,71,1.2004569,0,186
6,20,2.2331553,0,186
7,21,1.5798007,0,186
8,39,2.1192667,0,186
9,9,5.055693,0,186
10,17,2.0532715,0,186
11,3,9.245817,0,186
1,9,2.5089605,0,187
2,29,2.2244356,0,187
3,20,2.750286,0,187
4,19,1.2337103,0,187
5,27,2.2553773,0,187
6,24,2.3664217,0,187
7,30,2.395166,0,187
8,13,2.6289957,0,187
9,25,2.243168,0,187
10,22,2.5981326,0,187
11,20,2.6842992,0,187
12,24,2.9565604,0,187
13,28,2.176584,0,187
14,28,2.3811343,0,187
15,22,2.6888702,0,187
16,25,2.486756,0,187
17,36,2.2604423,0,187
18,18,2.8615954,0,187
1,13,4.6851597,0,188
2,21,2.5000808,0,188
3,25,1.8181217,0,188
4,18,2.7387137,0,188
5,31,2.1866305,0,188
6,23,2.6528995,0,188
7,23,2.4632328,0,188
8,23,2.1616297,0,188
9,32,1.9811271,0,188
10,28,1.9730445,0,188
11,16,2.9625027,0,188
12,18,2.882477,0,188
13,27,2.668718,0,188
14,13,2.4555068,0,188
15,22,2.6916375,0,188
16,20,2.5509381,0,188
17,30,2.036045,0,188
18,21,2.44202,0,188
19,9,4.3535433,0,188
1,33,2.0008664,0,189
2,32,2.6503325,0,189
3,29,2.1849751,0,189
4,22,3.261289,0,189
5,26,2.506689,0,189
6,18,2.4821017,0,189
7,21,3.7002106,0,189
8,22,3.376071,0,189
9,33,3.033155,0,189
10,25,2.9349952,0,189
11,27,2.8982189,0,189
12,21,2.3130672,0,189
13,32,1.8648561,0,189
14,21,2.256299,0,189
15,34,3.0977054,0,189
1,45,2.2099304,0,190
2,19,2.7012548,0,190
3,27,1.8209783,0,190
4,30,2.0560443,0,190
5,15,3.622038,0,190
6,8,3.1227548,0,190
7,41,1.6185483,0,190
8,11,3.489637,0,190
9,48,1.6122851,0,190
10,36,2.224699,0,190
11,16,3.169447,0,190
12,21,3.1907563,0,190
13,17,3.0607903,0,190
14,23,2.4427035,0,190
15,24,2.62561,0,190
16,12,2.785345,0,190
17,10,2.8516576,0,190
1,25,2.8462968,0,191
2,19,2.3054812,0,191
3,13,3.5251706,0,191
4,28,2.8618047,0,191
5,1,5.0491767,0,191
6,22,1.6956267,0,191
7,24,2.1614716,0,191
8,27,2.508807,0,191
9,17,2.6741018,0,191
10,20,2.665747,0,191
11,36,2.3069587,0,191
12,23,2.9919581,0,191
13,19,3.3318002,0,191
14,30,1.7807673,0,191
15,37,2.3455367,0,191
16,33,3.0846062,0,191
17,34,1.681271,0,191
18,19,2.877229,0,191
1,31,1.9726763,0,192
2,81,1.1649092,0,192
3,31,1.9621509,0,192
4,27,1.810855,0,192
5,26,2.4617898,0,192
6,24,2.5507152,0,192
7,22,2.5053604,0,192
8,29,2.3156447,0,192
9,7,2.9643342,0,192
10,36,1.5902592,0,192
11,34,2.46197,0,192
12,17,4.057053,0,192
1,7,5.176914,0,193
2,14,4.336781,0,193
3,14,3.2492666,0,193
4,17,3.1046982,0,193
5,1,5.0491767,0,193
6,14,3.1560714,0,193
7,12,4.0544815,0,193
8,16,2.8928738,0,193
9,30,2.1510963,0,193
10,29,2.5281434,0,193
11,20,3.1801598,0,193
12,15,4.7853336,0,193
13,24,3.3213923,0,193
14,15,5.5707936,0,193
15,20,3.3564422,0,193
16,18,3.5578024,0,193
17,29,2.712163,0,193
18,19,3.7248237,0,193
19,16,3.2601826,0,193
20,12,3.534847,0,193
21,22,2.3175693,0,193
22,22,3.7407644,0,193
23,19,3.225125,0,193
24,1,5.7916517,0,193
25,18,4.1697474,0,193
26,18,3.9564252,0,193
27,17,2.7122068,0,193
1,27,2.8404784,0,194
2,23,1.8944222,0,194
3,22,2.1815367,0,194
4,26,2.589777,0,194
5,29,2.6105509,0,194
6,18,2.7071607,0,194
7,21,3.594536,0,194
8,37,2.246709,0,194
9,29,2.3028033,0,194
10,65,1.5831022,0,194
11,20,2.7241719,0,194
12,18,2.9052274,0,194
13,27,2.5689874,0,194
14,22,2.066386,0,194
15,33,1.8275455,0,194
16,11,2.6909902,0,194
1,6,4.0256433,0,195
2,57,1.6601527,0,195
3,18,3.3412933,0,195
4,27,2.6080272,0,195
5,31,2.6468818,0,195
6,9,3.8989651,0,195
7,26,2.4841578,0,195
8,14,3.7265177,0,195
9,25,2.2534778,0,195
10,13,2.4974065,0,195
11,18,4.414087,0,195
12,17,3.3760295,0,195
13,18,2.94133,0,195
14,24,2.8778393,0,195
15,22,3.0565052,0,195
16,7,4.390331,0,195
17,21,2.683489,0,195
18,19,3.064609,0,195
19,21,3.1634593,0,195
20,19,3.9570093,0,195
21,31,2.4479146,0,195
22,10,3.0136063,0,195
1,48,1.9848417,0,196
2,33,2.7479997,0,196
3,16,3.1748238,0,196
4,44,1.5455626,0,196
5,45,2.2762764,0,196
6,42,2.5971198,0,196
7,28,2.7180092,0,196
8,30,2.564536,0,196
9,21,1.946351,0,196
10,27,2.558095,0,196
11,22,2.205844,0,196
12,7,3.3849945,0,196
13,33,2.551743,0,196
14,22,3.250547,0,196
15,22,2.2145545,0,196
1,31,2.2540753,0,197
2,23,2.5626388,0,197
3,30,2.1695259,0,197
4,54,1.6305668,0,197
5,25,2.1247258,0,197
6,23,1.8863199,0,197
7,22,2.3392854,0,197
8,32,2.3067472,0,197
9,31,2.0011728,0,197
10,22,1.7411925,0,197
11,32,2.308479,0,197
12,26,2.1525981,0,197
13,25,3.1303096,0,197
14,38,2.1154346,0,197
1,37,1.9061242,0,198
2,26,1.8896952,0,198
3,20,1.466034,0,198
4,24,2.5464437,0,198
5,31,2.3669188,0,198
6,29,2.8298104,0,198
7,35,2.6567967,0,198
8,23,1.9648962,0,198
9,25,1.9867687,0,198
10,35,2.9682403,0,198
11,27,2.6839437,0,198
12,36,2.4680822,0,198
13,9,2.6613417,0,198
14,29,2.7548816,0,198
15,28,2.4165936,0,198
16,23,2.8482907,0,198
1,22,4.0134444,0,199
2,14,3.142245,0,199
3,24,3.1636908,0,199
4,18,2.5656424,0,199
5,21,2.4762814,0,199
6,24,2.4677424,0,199
7,34,1.9802581,0,199
8,22,2.6755526,0,199
9,31,2.957128,0,199
10,36,1.7721324,0,199
11,41,2.3257806,0,199
12,23,2.5680673,0,199
13,30,2.4994535,0,199
14,24,2.1366837,0,199
15,38,1.8906885,0,199
16,24,1.7760674,0,199
1,37,2.4053311,0,200
2,35,1.9706904,0,200
3,18,2.6915548,0,200
4,16,2.3207147,0,200
5,22,3.10224,0,200
6,20,3.3924196,0,200
7,31,2.3894594,0,200
8,26,2.2757149,0,200
9,21,2.5051787,0,200
10,25,2.412918,0,200
11,24,2.4782424,0,200
12,36,2.1780198,0,200
13,23,2.22943,0,200
14,45,1.6432364,0,200
15,16,2.5660913,0,200
1,29,1.5606654,0,201
2,17,2.7588391,0,201
3,21,2.2417128,0,201
4,22,2.3097408,0,201
5,17,2.6806881,0,201
6,26,2.13718,0,201
7,25,2.8193488,0,201
8,21,2.5392158,0,201
9,21,3.1229022,0,201
10,24,2.179876,0,201
11,28,2.5879786,0,201
12,19,3.1523778,0,201
13,18,3.0063243,0,201
14,7,3.1178281,0,201
15,28,2.191718,0,201
16,37,2.3596404,0,201
17,21,3.688619,0,201
18,14,3.8830132,0,201
19,23,2.1822855,0,201
1,1,7.3374333,0,202
2,32,2.378626,0,202
3,20,2.9158263,0,202
4,1,6.2728276,0,202
5,28,1.7708365,0,202
6,20,2.7307603,0,202
7,24,1.7455615,0,202
8,1,8.520433,0,202
9,25,1.7698711,0,202
10,16,2.6259463,0,202
11,24,2.6038063,0,202
12,20,2.1484098,0,202
13,1,7.7489204,0,202
14,26,2.6541393,0,202
15,36,2.9267764,0,202
16,24,2.3867033,0,202
17,1,7.224268,0,202
18,32,1.8897454,0,202
19,26,2.9793391,0,202
20,29,1.8309492,0,202
21,23,2.7775424,0,202
1,43,1.2742909,0,203
2,34,2.374375,0,203
3,21,2.4052627,0,203
4,22,2.5777817,0,203
5,26,1.5197568,0,203
6,18,2.7400906,0,203
7,26,2.4456854,0,203
8,20,2.788537,0,203
9,26,3.1260543,0,203
10,16,3.5105374,0,203
11,19,2.69231,0,203
12,20,3.777477,0,203
13,30,2.2263923,0,203
14,18,3.1553745,0,203
15,23,2.561729,0,203
16,33,2.3527677,0,203
17,21,3.477951,0,203
1,28,3.4110577,0,204
2,25,2.1946034,0,204
3,16,3.9336734,0,204
4,13,3.2357998,0,204
5,22,2.4035032,0,204
6,18,2.7480493,0,204
7,28,2.7669966,0,204
8,21,3.0416033,0,204
9,25,2.708032,0,204
10,23,3.5872262,0,204
11,21,2.4855216,0,204
12,30,2.7739692,0,204
13,14,3.8863494,0,204
14,23,3.1469076,0,204
15,23,3.474717,0,204
16,17,3.1806762,0,204
17,16,1.8146994,0,204
18,24,2.5464647,0,204
19,19,1.874584,0,204
20,29,2.3194857,0,204
21,2,5.0740757,0,204
1,27,2.492354,0,205
2,25,1.035835,0,205
3,24,1.8057503,0,205
4,28,2.4887037,0,205
5,24,2.367489,0,205
6,19,2.44924,0,205
7,22,2.7143123,0,205
8,22,2.6414275,0,205
9,22,2.1459196,0,205
10,18,2.408767,0,205
11,23,2.5770173,0,205
12,17,3.123972,0,205
13,20,1.9050517,0,205
14,21,2.4367208,0,205
15,22,2.6271665,0,205
16,9,2.41485,0,205
17,19,2.7232997,0,205
18,26,2.0830295,0,205
19,33,2.0324612,0,205
20,3,4.6250887,0,205
1,59,0.97410375,0,206
2,40,1.7677482,0,206
3,13,2.5562255,0,206
4,56,1.1378331,0,206
5,26,2.5274746,0,206
6,19,2.6847475,0,206
7,51,1.6585344,0,206
8,19,2.7801452,0,206
9,18,2.7390666,0,206
10,14,2.7757807,0,206
11,23,2.0318363,0,206
12,16,4.2834234,0,206
1,24,1.6588117,0,207
2,11,3.459679,0,207
3,32,1.7392775,0,207
4,16,2.8976903,0,207
5,13,2.5471518,0,207
6,76,1.4665455,0,207
7,55,1.9007674,0,207
8,29,2.597454,0,207
9,7,3.2341778,0,207
10,24,2.6716535,0,207
11,28,2.0881603,0,207
12,36,2.6470876,0,207
13,17,2.582201,0,207
14,24,2.10214,0,207
15,29,1.9153267,0,207
16,5,5.0137553,0,207
1,18,2.6258633,0,208
2,16,2.0078833,0,208
3,28,1.9419507,0,208
4,29,2.445776,0,208
5,21,2.340642,0,208
6,46,1.8508031,0,208
7,33,2.1473305,0,208
8,20,2.2458851,0,208
9,23,2.046743,0,208
10,26,1.6208729,0,208
11,26,2.989688,0,208
12,26,2.8775153,0,208
13,37,2.0231113,0,208
14,30,2.333917,0,208
15,22,1.9957664,0,208
16,19,3.369203,0,208
1,19,3.377387,0,209
2,20,2.43651,0,209
3,15,4.4255204,0,209
4,26,3.5766466,0,209
5,1,5.0491767,0,209
6,19,4.461993,0,209
7,26,3.0982985,0,209
8,22,2.065511,0,209
9,17,3.2794785,0,209
10,19,3.7529323,0,209
11,26,2.9412963,0,209
12,25,2.5139592,0,209
13,16,3.8927178,0,209
14,23,2.4681885,0,209
15,30,2.2289498,0,209
16,19,2.3780482,0,209
17,11,2.9026182,0,209
18,21,3.6535478,0,209
19,21,2.0403843,0,209
20,25,3.105372,0,209
21,14,3.0203588,0,209
22,18,2.6184235,0,209
23,17,2.5135372,0,209
1,24,1.8053354,0,210
2,23,1.6567727,0,210
3,16,3.1915636,0,210
4,70,1.5341512,0,210
5,14,3.077055,0,210
6,23,2.2703626,0,210
7,25,1.7890146,0,210
8,19,3.6621785,0,210
9,21,2.7514238,0,210
10,27,2.3054373,0,210
11,21,2.6605134,0,210
12,13,3.1514785,0,210
13,26,1.7242386,0,210
14,28,2.323391,0,210
15,21,2.3659542,0,210
16,15,3.5923357,0,210
17,28,1.9814657,0,210
18,5,3.9933872,0,210
1,10,3.1708484,0,211
2,27,2.504104,0,211
3,52,1.0413272,0,211
4,47,1.2288265,0,211
5,25,2.7802892,0,211
6,17,3.1242757,0,211
7,27,2.1252754,0,211
8,45,2.0595517,0,211
9,34,2.195829,0,211
10,16,2.3714683,0,211
11,35,1.9365354,0,211
12,24,2.9389007,0,211
13,31,1.8929541,0,211
14,31,2.5772972,0,211
15,11,3.1472166,0,211
1,29,1.1158772,0,212
2,33,1.862317,0,212
3,25,2.9600046,0,212
4,18,2.5093317,0,212
5,22,2.3743932,0,212
6,25,2.6364274,0,212
7,22,2.1946204,0,212
8,33,1.9446499,0,212
9,25,2.3836007,0,212
10,24,2.3496175,0,212
11,7,3.2138703,0,212
12,24,2.14495,0,212
13,11,3.1037261,0,212
14,10,4.126728,0,212
15,29,2.373152,0,212
16,27,3.2394094,0,212
17,13,2.9422095,0,212
1,6,2.0452363,0,213
2,31,1.837066,0,213
3,19,2.804267,0,213
4,26,2.4473035,0,213
5,19,3.6263673,0,213
6,18,1.9673305,0,213
7,20,2.7683985,0,213
8,14,3.2526588,0,213
9,24,2.0120993,0,213
10,27,3.2650623,0,213
11,24,3.16073,0,213
12,23,2.6488853,0,213
13,23,2.5744443,0,213
14,21,2.0307133,0,213
15,31,2.2626998,0,213
16,24,2.4231157,0,213
17,28,2.4114897,0,213
18,6,3.5978072,0,213
19,15,2.264239,0,213
20,13,2.618721,0,213
1,56,1.4272934,0,214
2,32,1.3524983,0,214
3,14,2.598939,0,214
4,19,2.3199127,0,214
5,19,3.101387,0,214
6,25,2.275388,0,214
7,31,2.460627,0,214
8,31,1.8884676,0,214
9,31,1.8190045,0,214
10,26,2.8565142,0,214
11,32,1.8702003,0,214
12,33,2.6947246,0,214
13,22,2.995717,0,214
14,23,2.390206,0,214
15,10,2.830655,0,214
1,27,2.5146766,0,215
2,29,1.8132885,0,215
3,24,2.943947,0,215
4,27,1.7984736,0,215
5,23,1.8542535,0,215
6,16,2.179723,0,215
7,19,4.0591063,0,215
8,16,4.228568,0,215
9,20,3.2964065,0,215
10,27,2.3835938,0,215
11,16,3.0398247,0,215
12,34,2.4849093,0,215
13,19,2.4373736,0,215
14,21,3.4425888,0,215
15,29,3.1213248,0,215
16,13,3.9594812,0,215
17,29,2.4047668,0,215
18,24,2.7719793,0,215
1,32,2.0212226,0,216
2,23,1.269366,0,216
3,14,2.989464,0,216
4,28,2.0887823,0,216
5,27,2.7357318,0,216
6,29,2.5275483,0,216
7,25,2.7333899,0,216
8,31,2.0849185,0,216
9,21,2.2607372,0,216
10,24,2.624354,0,216
11,21,2.6807852,0,216
12,25,2.6489868,0,216
13,30,2.557146,0,216
14,15,3.7121964,0,216
15,27,2.7434044,0,216
16,19,3.368702,0,216
17,13,3.3083122,0,216
1,13,1.997854,0,217
2,11,1.1838988,0,217
3,50,1.5327547,0,217
4,51,1.665288,0,217
5,68,1.4540607,0,217
6,112,1.0603912,0,217
7,14,2.5571585,0,217
8,5,4.66081,0,217
1,25,3.2504032,0,218
2,20,3.0602088,0,218
3,27,3.1051297,0,218
4,18,2.6334033,0,218
5,20,1.9217163,0,218
6,33,1.9049324,0,218
7,25,3.4814112,0,218
8,27,3.5327811,0,218
9,28,2.6674821,0,218
10,26,3.2609437,0,218
11,21,2.5787532,0,218
12,23,2.0823278,0,218
13,23,3.5494413,0,218
14,28,2.5765004,0,218
15,23,2.5106826,0,218
16,8,3.584617,0,218
17,15,2.4853075,0,218
18,14,2.1964028,0,218
19,30,3.061825,0,218
20,3,6.3594975,0,218
1,26,2.7017994,0,219
2,13,0.19599058,0,219
1,25,2.5932112,0,220
2,22,2.6088946,0,220
3,14,3.2308402,0,220
4,24,2.3052866,0,220
5,28,2.706701,0,220
6,13,4.277269,0,220
7,20,2.65357,0,220
8,27,2.4466298,0,220
9,13,4.0060606,0,220
10,19,2.9673674,0,220
11,28,2.8323205,0,220
12,11,4.597523,0,220
13,21,2.5009756,0,220
14,23,3.2509725,0,220
15,16,3.668666,0,220
16,26,2.3310764,0,220
17,28,3.4995005,0,220
18,20,2.526942,0,220
19,27,2.956959,0,220
20,22,1.688338,0,220
21,25,2.331225,0,220
22,11,2.7993393,0,220
1,17,3.8390765,0,221
2,26,2.030212,0,221
3,13,4.5697002,0,221
4,28,3.028011,0,221
5,16,4.0215526,0,221
6,27,2.079002,0,221
7,15,3.6252105,0,221
8,16,2.022328,0,221
9,25,2.462756,0,221
10,19,3.2772207,0,221
11,12,2.943044,0,221
12,30,1.6839806,0,221
13,20,2.6406877,0,221
14,28,2.2993622,0,221
15,20,2.3653545,0,221
16,20,3.1073456,0,221
17,17,3.2481554,0,221
18,23,1.870822,0,221
19,22,2.4940157,0,221
20,18,2.3960307,0,221
21,17,2.4583771,0,221
22,21,3.026203,0,221
1,24,3.855262,0,222
2,20,1.98493,0,222
3,17,2.7498934,0,222
4,21,2.6571767,0,222
5,19,2.3176582,0,222
6,31,2.4006507,0,222
7,32,1.9777734,0,222
8,22,3.1429455,0,222
9,24,2.3050816,0,222
10,20,2.2760177,0,222
11,19,3.6684036,0,222
12,22,2.7299383,0,222
13,26,3.0262027,0,222
14,22,2.507414,0,222
15,21,2.567995,0,222
16,29,2.6354399,0,222
17,19,3.0753005,0,222
18,26,2.577459,0,222
19,30,2.2132635,0,222
20,22,3.789918,0,222
1,29,1.7530648,0,223
2,27,2.018447,0,223
3,24,2.2036128,0,223
4,34,1.8596191,0,223
5,31,2.382144,0,223
6,58,1.2874017,0,223
7,39,1.845728,0,223
8,13,2.6188464,0,223
9,31,1.9496489,0,223
10,14,2.685836,0,223
11,39,1.7529261,0,223
12,26,2.2830667,0,223
13,25,2.505767,0,223
1,36,2.4573026,0,224
2,16,2.4996636,0,224
3,22,2.656234,0,224
4,51,1.5088356,0,224
5,21,2.675448,0,224
6,34,2.0819142,0,224
7,10,3.5303867,0,224
8,14,2.6729615,0,224
9,19,3.0920095,0,224
10,31,2.0324333,0,224
11,23,2.6167383,0,224
12,26,2.21468,0,224
13,20,2.5563,0,224
14,18,2.6856766,0,224
15,27,2.1570952,0,224
16,17,2.8620343,0,224
17,18,2.0939252,0,224
18,22,3.2033353,0,224
19,13,3.0844378,0,224
1,10,3.530299,0,225
2,33,1.4344914,0,225
3,19,2.1934323,0,225
4,6,4.0665035,0,225
5,26,1.8865054,0,225
6,32,2.3343883,0,225
7,21,2.9145675,0,225
8,30,2.367395,0,225
9,15,2.94142,0,225
10,27,1.9560301,0,225
11,21,1.9374005,0,225
12,23,2.4692612,0,225
13,29,2.2644923,0,225
14,20,1.9705967,0,225
15,29,3.1742213,0,225
16,23,2.1432269,0,225
17,10,2.839696,0,225
1,23,2.0606043,0,226
2,19,2.3337643,0,226
3,23,2.4451272,0,226
4,2,6.199058,0,226
5,36,1.4251338,0,226
6,18,2.0200512,0,226
7,19,2.8544037,0,226
8,23,2.8133469,0,226
9,15,2.7892125,0,226
10,18,2.6072106,0,226
11,32,2.1254158,0,226
12,25,2.7096837,0,226
13,30,2.3470747,0,226
14,22,2.8339229,0,226
15,32,2.5527716,0,226
16,21,3.4232032,0,226
17,25,3.1915941,0,226
18,10,3.660784,0,226
1,27,2.8098147,0,227
2,34,1.8002822,0,227
3,33,2.345086,0,227
4,34,1.8049966,0,227
5,26,2.748497,0,227
6,23,2.6319983,0,227
7,29,2.6261456,0,227
8,28,2.2821827,0,227
9,24,2.6455398,0,227
10,24,2.5588505,0,227
11,18,2.0377781,0,227
12,31,2.5014985,0,227
13,30,2.430536,0,227
14,34,1.9338787,0,227
15,34,2.270918,0,227
16,33,2.2200098,0,227
1,17,3.5270417,0,228
2,17,2.5363708,0,228
3,26,3.4906807,0,228
4,26,3.1909642,0,228
5,14,2.8617184,0,228
6,19,2.9054718,0,228
7,30,2.8558488,0,228
8,18,3.5612257,0,228
9,23,2.6467235,0,228
10,22,1.8476392,0,228
11,21,3.826984,0,228
12,19,3.5419137,0,228
13,23,2.6686087,0,228
14,28,3.4186437,0,228
15,26,3.7019517,0,228
16,23,3.1360679,0,228
17,38,2.5211608,0,228
18,19,4.3578672,0,228
19,26,2.6848662,0,228
20,3,6.72168,0,228
1,18,2.4425974,0,229
2,14,2.7672935,0,229
3,24,1.7980186,0,229
4,16,3.513314,0,229
5,17,2.0600908,0,229
6,26,2.5503142,0,229
7,30,1.919273,0,229
8,17,3.2141888,0,229
9,22,2.3510602,0,229
10,22,3.0598466,0,229
11,22,2.889454,0,229
12,28,2.7457538,0,229
13,16,3.3060882,0,229
14,28,2.4567637,0,229
15,18,3.1449645,0,229
16,17,3.0824306,0,229
17,21,2.224966,0,229
18,20,2.6887438,0,229
19,25,2.0904036,0,229
20,18,3.5877578,0,229
21,19,3.4161122,0,229
1,26,1.9625939,0,230
2,22,2.1917493,0,230
3,128,1.0692906,0,230
4,49,1.6185209,0,230
5,14,2.4665134,0,230
6,14,3.3762944,0,230
7,38,2.2202659,0,230
8,44,1.7395796,0,230
1,19,2.707943,0,231
2,16,1.9170736,0,231
3,22,1.8632842,0,231
4,16,4.137596,0,231
5,24,2.5919638,0,231
6,25,2.6595945,0,231
7,14,2.841206,0,231
8,21,1.7537221,0,231
9,22,2.4598312,0,231
10,18,2.395602,0,231
11,20,2.5255063,0,231
12,21,2.6772854,0,231
13,25,2.3739934,0,231
14,19,3.0936737,0,231
15,13,4.207396,0,231
16,22,2.5117362,0,231
17,24,2.5698242,0,231
18,19,3.3544006,0,231
19,7,3.3826551,0,231
20,22,3.3202982,0,231
21,13,3.0240798,0,231
22,20,3.6845565,0,231
23,20,2.6468809,0,231
1,26,3.1103637,0,232
2,22,2.7914143,0,232
3,34,2.496167,0,232
4,18,2.1340132,0,232
5,104,1.1323347,0,232
6,42,1.9814969,0,232
7,49,2.268886,0,232
8,52,1.8566238,0,232
9,19,3.250211,0,232
1,38,1.3280481,0,233
2,20,3.0659406,0,233
3,18,1.8659631,0,233
4,29,2.0840936,0,233
5,23,1.940677,0,233
6,20,2.5553071,0,233
7,26,2.3604662,0,233
8,18,2.8825867,0,233
9,25,2.9801114,0,233
10,31,2.6944373,0,233
11,21,2.7849889,0,233
12,26,2.6979856,0,233
13,24,2.6764872,0,233
14,22,3.0555012,0,233
15,25,2.2719586,0,233
16,21,2.6649122,0,233
17,17,4.3122816,0,233
1,25,2.9533627,0,234
2,29,1.87034,0,234
3,25,2.0852673,0,234
4,19,3.4977283,0,234
5,32,2.1188877,0,234
6,24,2.1958842,0,234
7,17,2.5858173,0,234
8,17,2.1292987,0,234
9,32,1.788342,0,234
10,19,4.0746136,0,234
11,16,2.57284,0,234
12,27,2.397064,0,234
13,22,2.1795661,0,234
14,22,3.4873104,0,234
15,25,2.8924496,0,234
16,32,2.845176,0,234
17,19,3.965517,0,234
18,19,3.685614,0,234
19,26,2.6293514,0,234
20,8,4.055628,0,234
1,11,3.6773064,0,235
2,26,2.4195988,0,235
3,22,2.6879044,0,235
4,21,3.4771085,0,235
5,15,1.9997056,0,235
6,18,3.4134238,0,235
7,18,2.5050576,0,235
8,20,2.7683141,0,235
9,21,3.2293193,0,235
10,15,3.211898,0,235
11,21,3.2844253,0,235
12,25,2.7855387,0,235
13,19,3.5202584,0,235
14,22,2.0087466,0,235
15,22,2.831701,0,235
16,23,2.0742261,0,235
17,25,2.3629403,0,235
18,20,3.2955763,0,235
19,20,2.540284,0,235
20,21,2.2346556,0,235
21,11,3.4813669,0,235
1,25,2.7735012,0,236
2,23,3.161793,0,236
3,20,1.2782829,0,236
4,20,2.2553985,0,236
5,19,1.6735976,0,236
6,20,2.565386,0,236
7,22,2.1135688,0,236
8,19,2.3693023,0,236
9,27,1.5655158,0,236
10,2,4.6556134,0,236
11,18,1.8360088,0,236
12,30,1.598817,0,236
13,23,2.3504698,0,236
14,21,2.5822208,0,236
15,33,2.1751246,0,236
16,31,2.1630802,0,236
17,23,2.0341182,0,236
1,21,3.0119276,0,237
2,20,3.2613409,0,237
3,19,3.2572885,0,237
4,24,3.753512,0,237
5,15,3.0378213,0,237
6,19,4.12685,0,237
7,24,2.364478,0,237
8,23,3.5865097,0,237
9,17,2.6341908,0,237
10,17,4.5293193,0,237
11,26,3.8225482,0,237
12,27,3.2019968,0,237
13,31,3.2012837,0,237
14,16,3.1831112,0,237
15,27,3.1576006,0,237
16,27,3.3301454,0,237
17,31,3.3830914,0,237
18,21,2.787177,0,237
19,27,2.6923633,0,237
20,31,2.3059602,0,237
21,7,3.1363502,0,237
1,23,1.8344386,0,238
2,36,2.1133847,0,238
3,35,2.0515962,0,238
4,17,2.5891101,0,238
5,26,1.9988583,0,238
6,21,2.0132875,0,238
7,23,2.1587658,0,238
8,24,2.3096273,0,238
9,28,2.483905,0,238
10,28,2.7221484,0,238
11,31,2.1690226,0,238
12,7,3.3826551,0,238
13,31,2.107568,0,238
14,31,2.0278764,0,238
15,30,2.0202098,0,238
16,15,2.9296622,0,238
1,11,3.7168353,0,239
2,28,0.95580405,0,239
3,43,1.3061199,0,239
4,54,1.1686441,0,239
5,24,2.4598746,0,239
6,44,2.733454,0,239
7,33,2.5766642,0,239
8,23,3.045083,0,239
9,23,2.9023707,0,239
1,24,1.5896436,0,240
2,27,1.2584203,0,240
3,43,1.788794,0,240
4,28,2.0227885,0,240
5,19,2.628198,0,240
6,41,2.5570097,0,240
7,19,3.8505294,0,240
8,20,2.4230795,0,240
9,25,2.1598501,0,240
10,39,1.6457344,0,240
11,19,3.8036675,0,240
12,25,3.3759706,0,240
13,22,4.2000875,0,240
14,37,2.665892,0,240
15,26,3.1783862,0,240
16,31,3.0742342,0,240
17,5,5.1192236,0,240
1,37,2.175763,0,241
2,22,1.8323425,0,241
3,44,2.4357479,0,241
4,22,1.8534507,0,241
5,22,3.4060247,0,241
6,46,1.9876757,0,241
7,26,3.0811942,0,241
8,17,2.274738,0,241
9,24,2.5369377,0,241
10,23,3.1918187,0,241
11,17,2.8168468,0,241
12,21,2.5124776,0,241
13,34,3.06728,0,241
14,27,2.4368114,0,241
15,14,2.2671134,0,241
1,1,7.3374333,0,242
2,43,1.4954736,0,242
3,1,6.2728276,0,242
4,20,1.468948,0,242
5,27,1.9395204,0,242
6,19,2.5946887,0,242
7,33,1.5378835,0,242
8,1,8.520433,0,242
9,24,2.162743,0,242
10,17,2.2249572,0,242
11,26,2.1850107,0,242
12,14,3.1897037,0,242
13,1,7.475412,0,242
14,12,2.9079816,0,242
15,19,2.7410429,0,242
16,23,2.698203,0,242
17,24,2.5902388,0,242
18,27,2.1189556,0,242
19,1,6.391704,0,242
20,13,2.7032845,0,242
1,38,1.7257825,0,243
2,17,2.1518235,0,243
3,26,2.7471135,0,243
4,18,2.2484248,0,243
5,25,1.566535,0,243
6,28,1.40705,0,243
7,27,2.708413,0,243
8,35,1.6868917,0,243
9,16,2.6568654,0,243
10,29,2.6508281,0,243
11,34,2.1956418,0,243
12,20,2.8093066,0,243
13,45,1.8058884,0,243
14,22,2.9296634,0,243
15,26,2.86244,0,243
1,31,1.7147182,0,244
2,24,1.753804,0,244
3,16,1.2556394,0,244
4,20,3.4527004,0,244
5,17,1.936762,0,244
6,75,1.2984811,0,244
7,14,3.0479476,0,244
8,52,1.4601226,0,244
9,20,3.2876148,0,244
10,13,3.4483922,0,244
11,24,3.3641708,0,244
12,20,2.7089858,0,244
13,1,5.077564,0,244
1,25,1.9244882,0,245
2,25,1.9714963,0,245
3,19,3.1388798,0,245
4,14,3.4300306,0,245
5,8,5.4866705,0,245
6,28,2.9807084,0,245
7,20,2.6614966,0,245
8,23,2.0411325,0,245
9,24,2.8950624,0,245
10,26,2.7079136,0,245
11,23,2.5862703,0,245
12,31,2.8476055,0,245
13,26,2.2004483,0,245
14,18,3.0154297,0,245
15,28,2.172872,0,245
16,29,2.6711018,0,245
17,22,1.8343754,0,245
18,28,3.0307398,0,245
19,5,6.3919525,0,245
1,27,2.6299403,0,246
2,17,2.5450604,0,246
3,26,2.0580318,0,246
4,19,2.9440129,0,246
5,28,1.7430063,0,246
6,33,1.6466826,0,246
7,18,2.9521723,0,246
8,23,2.0388024,0,246
9,18,2.526366,0,246
10,21,2.908948,0,246
11,20,2.115493,0,246
12,21,2.4488678,0,246
13,24,2.6123064,0,246
14,17,3.2790573,0,246
15,25,2.8882403,0,246
16,24,1.6908817,0,246
17,17,3.7112699,0,246
18,14,3.4011555,0,246
1,19,2.8599098,0,247
2,17,2.7393997,0,247
3,25,2.8698487,0,247
4,20,3.990035,0,247
5,30,1.5095083,0,247
6,20,3.702916,0,247
7,18,2.9867053,0,247
8,13,4.122569,0,247
9,21,2.912393,0,247
10,22,2.6125882,0,247
11,19,3.6556847,0,247
12,21,3.5640175,0,247
13,27,2.5100145,0,247
14,15,2.8851032,0,247
15,31,2.828366,0,247
16,16,2.3669636,0,247
17,31,1.9802356,0,247
18,17,3.3144488,0,247
19,19,3.1124477,0,247
20,33,1.7445503,0,247
21,14,4.292211,0,247
1,19,1.5776353,0,248
2,40,0.7405979,0,248
3,25,2.525709,0,248
4,26,2.6471076,0,248
5,20,3.219511,0,248
6,41,2.1675823,0,248
7,26,2.1504285,0,248
8,6,4.7959604,0,248
9,26,2.7020133,0,248
10,9,3.9612448,0,248
11,22,2.626532,0,248
12,22,3.1557233,0,248
13,21,3.2709951,0,248
14,31,2.3375847,0,248
15,20,3.4004526,0,248
16,26,2.307729,0,248
17,19,2.762849,0,248
18,19,3.2644966,0,248
19,28,2.9999714,0,248
20,2,4.9547086,0,248
1,15,5.0630946,0,249
2,23,2.8144946,0,249
3,37,1.9362991,0,249
4,19,2.207497,0,249
5,33,2.4129584,0,249
6,24,2.534826,0,249
7,19,1.9903735,0,249
8,31,2.303503,0,249
9,35,2.718598,0,249
10,20,2.661438,0,249
11,31,1.7907895,0,249
12,24,1.9308636,0,249
13,28,2.3166633,0,249
14,17,2.81434,0,249
15,16,3.0762212,0,249
16,24,3.1440809,0,249
17,26,2.444995,0,249
18,18,4.054369,0,249
